
Data downloaded from OMNIWeb and processed by omniweb_read.py

No AlphaRatio was considered

#TIMEDELAY
0.0

#START
 2011 08 05 00 00 00 000    6.32     0.86    -5.88  -400.50    -16.70    -90.10    4.92    227044.0
 2011 08 05 00 01 00 000    6.63     0.94    -5.81  -400.50    -16.70    -90.10    4.92    227044.0
 2011 08 05 00 02 00 000    7.39     1.65    -5.65  -400.50    -16.70    -90.10    4.92    227044.0
 2011 08 05 00 03 00 000    7.38     1.43    -5.83  -400.50    -16.70    -90.10    4.92    227044.0
 2011 08 05 00 04 00 000    6.12     0.20    -7.19  -410.00    -23.80    -95.20    4.75    170137.0
 2011 08 05 00 05 00 000    5.76    -0.37    -7.44  -410.00    -23.80    -95.20    4.75    170137.0
 2011 08 05 00 06 00 000    5.79    -0.45    -7.34  -410.00    -23.80    -95.20    4.75    170137.0
 2011 08 05 00 07 00 000    5.51    -0.66    -7.52  -410.00    -23.80    -95.20    4.75    170137.0
 2011 08 05 00 08 00 000    5.53    -0.64    -7.42  -413.90    -33.00    -93.10    4.94    161647.0
 2011 08 05 00 09 00 000    5.76    -0.82    -7.31  -413.90    -33.00    -93.10    4.94    161647.0
 2011 08 05 00 10 00 000    5.76    -1.41    -7.28  -408.70    -28.10    -95.50    5.23    132736.0
 2011 08 05 00 11 00 000    5.61    -2.33    -7.09  -408.50    -28.20    -95.50    5.23    134227.0
 2011 08 05 00 12 00 000    5.01    -4.05    -6.30  -402.10    -31.20    -96.60    5.30    185694.0
 2011 08 05 00 13 00 000    5.85    -3.56    -5.74  -401.80    -43.20    -94.20    5.23    170505.0
 2011 08 05 00 14 00 000    5.69    -3.78    -5.78  -401.80    -45.50    -93.70    5.22    167580.0
 2011 08 05 00 15 00 000    6.54    -3.40    -5.12  -384.10    -37.80    -87.60    5.20    148900.0
 2011 08 05 00 16 00 000    6.62    -2.37    -5.45  -390.60    -36.30    -91.00    5.23    171380.0
 2011 08 05 00 17 00 000    5.56    -3.69    -6.06  -396.70    -33.10    -95.20    5.34    172248.0
 2011 08 05 00 18 00 000    6.69    -3.35    -4.85  -401.40    -42.60   -101.20    5.40    177253.0
 2011 08 05 00 19 00 000    6.91    -3.42    -4.43  -393.30    -35.80    -81.40    5.64    189389.0
 2011 08 05 00 20 00 000    6.82    -3.37    -4.87  -394.60    -37.50    -83.00    5.45    187203.0
 2011 08 05 00 21 00 000    6.72    -3.31    -4.98  -398.20    -42.10    -87.30    4.95    181220.0
 2011 08 05 00 22 00 000    7.08    -2.53    -5.04  -396.00    -39.60    -94.70    4.92    227934.0
 2011 08 05 00 23 00 000    7.10    -2.58    -4.96  -396.00    -39.60    -94.70    4.92    227934.0
 2011 08 05 00 24 00 000    7.01    -2.97    -4.86  -396.00    -39.60    -94.70    4.92    227934.0
 2011 08 05 00 25 00 000    6.87    -3.07    -4.94  -394.60    -33.50    -86.90    4.70    190474.0
 2011 08 05 00 26 00 000    6.95    -2.95    -4.70  -394.60    -33.50    -86.90    4.70    190474.0
 2011 08 05 00 27 00 000    7.17    -2.76    -4.39  -394.00    -32.40    -82.20    4.33    177399.0
 2011 08 05 00 28 00 000    7.13    -2.92    -4.37  -394.00    -32.40    -82.20    4.33    177399.0
 2011 08 05 00 29 00 000    6.96    -3.26    -4.39  -399.20    -44.80    -95.10    4.50    215376.0
 2011 08 05 00 30 00 000    7.22    -2.88    -4.31  -398.70    -45.20    -95.40    4.49    213252.0
 2011 08 05 00 31 00 000    7.55    -2.70    -3.56  -395.90    -41.30    -90.60    4.32    173679.0
 2011 08 05 00 32 00 000    7.43    -2.38    -3.78  -395.70    -42.60    -91.30    4.54    196226.0
 2011 08 05 00 33 00 000    7.46    -2.50    -3.47  -395.10    -43.80    -92.00    4.91    241958.0
 2011 08 05 00 34 00 000    7.44    -2.55    -3.62  -395.10    -43.80    -92.00    4.91    241958.0
 2011 08 05 00 35 00 000    6.56    -3.41    -3.91  -395.10    -43.80    -92.00    4.91    241958.0
 2011 08 05 00 36 00 000    5.38    -4.70    -4.22  -404.70    -63.90    -90.40    4.80    230466.0
 2011 08 05 00 37 00 000    5.22    -4.83    -4.02  -404.30    -66.80    -89.70    5.01    251135.0
 2011 08 05 00 38 00 000    5.06    -4.60    -4.07  -403.80    -70.70    -88.70    5.29    278928.0
 2011 08 05 00 39 00 000    5.13    -3.47    -4.98  -402.20    -64.40    -94.90    5.02    263698.0
 2011 08 05 00 41 00 000    5.32    -6.09    -1.38  -402.20    -64.40    -94.90    5.02    263698.0
 2011 08 05 00 42 00 000    5.14    -6.72    -0.83  -401.50    -50.30    -86.20    4.87    198154.0
 2011 08 05 00 43 00 000    5.16    -4.57    -3.60  -401.50    -50.30    -86.20    4.87    198154.0
 2011 08 05 00 44 00 000    5.13    -6.05    -1.85  -401.50    -50.30    -86.20    4.87    198154.0
 2011 08 05 00 45 00 000    4.33    -6.83     1.13  -401.50    -50.30    -86.20    4.87    198154.0
 2011 08 05 00 46 00 000    4.93    -6.65    -1.45  -402.80    -45.10    -83.00    5.12    206268.0
 2011 08 05 00 47 00 000    4.83    -6.61    -1.29  -402.80    -45.10    -83.00    5.12    206268.0
 2011 08 05 00 48 00 000    4.32    -6.40    -0.32  -405.90    -37.40    -88.70    5.58    252242.0
 2011 08 05 00 49 00 000    4.01    -6.39    -0.28  -405.90    -37.40    -88.70    5.58    252242.0
 2011 08 05 00 50 00 000    4.17    -6.20    -0.65  -407.60    -43.70    -81.40    5.08    225371.0
 2011 08 05 00 51 00 000    4.52    -5.76    -1.67  -407.70    -44.10    -80.90    5.04    223500.0
 2011 08 05 00 52 00 000    5.04    -5.44    -2.31  -407.70    -44.10    -80.90    5.04    223500.0
 2011 08 05 00 53 00 000    3.79    -6.59     1.74  -403.10    -41.30    -65.20    4.77    237236.0
 2011 08 05 00 54 00 000    3.23    -7.00     2.25  -404.60    -45.00    -64.10    4.73    231988.0
 2011 08 05 00 55 00 000    3.22    -6.90     1.74  -407.60    -52.40    -61.80    4.67    221372.0
 2011 08 05 00 56 00 000    2.73    -6.94     2.25  -408.40    -51.50    -58.80    4.55    212389.0
 2011 08 05 00 57 00 000    2.55    -6.98     2.00  -408.60    -51.80    -59.20    4.54    211761.0
 2011 08 05 00 58 00 000    2.70    -6.96     1.69  -411.70    -56.10    -64.70    4.42    203382.0
 2011 08 05 01 00 00 000    3.17    -7.13     0.28  -411.70    -56.10    -64.70    4.42    203382.0
 2011 08 05 01 01 00 000    3.24    -7.02    -0.13  -407.60    -56.80    -75.40    4.40    212461.0
 2011 08 05 01 02 00 000    3.20    -7.06     0.43  -407.60    -56.80    -75.40    4.40    212461.0
 2011 08 05 01 03 00 000    2.93    -7.06     0.86  -406.40    -58.70    -70.60    4.51    227623.0
 2011 08 05 01 04 00 000    2.87    -7.06     1.05  -406.10    -59.10    -69.50    4.53    231214.0
 2011 08 05 01 05 00 000    3.21    -6.84     0.33  -413.30    -54.00    -73.40    4.29    177773.0
 2011 08 05 01 06 00 000    3.62    -6.47    -0.34  -411.40    -50.30    -74.10    4.42    192295.0
 2011 08 05 01 07 00 000    3.47    -6.08    -0.24  -409.00    -51.50    -69.20    4.70    237753.0
 2011 08 05 01 08 00 000    2.91    -6.15    -0.17  -408.40    -55.10    -65.00    4.80    262659.0
 2011 08 05 01 09 00 000    2.82    -6.29     0.07  -413.40    -47.10    -64.10    4.60    239135.0
 2011 08 05 01 10 00 000    2.79    -6.33     0.08  -413.40    -47.10    -64.10    4.60    239135.0
 2011 08 05 01 11 00 000    2.83    -6.14     0.27  -413.40    -47.10    -64.10    4.60    239135.0
 2011 08 05 01 12 00 000    2.88    -6.00     0.06  -415.20    -43.80    -65.50    4.73    225268.0
 2011 08 05 01 13 00 000    3.13    -5.84    -0.33  -415.20    -43.80    -65.50    4.73    225268.0
 2011 08 05 01 14 00 000    2.81    -5.89     0.03  -410.80    -41.10    -66.00    5.01    234893.0
 2011 08 05 01 15 00 000    2.76    -5.78     0.04  -410.80    -40.80    -65.90    5.02    234323.0
 2011 08 05 01 16 00 000    2.59    -5.91    -0.10  -411.70    -34.30    -64.60    5.30    223132.0
 2011 08 05 01 17 00 000    2.43    -5.82     0.34  -411.70    -34.30    -64.60    5.30    223132.0
 2011 08 05 01 18 00 000    2.16    -5.86     0.55  -411.70    -34.30    -64.60    5.30    223132.0
 2011 08 05 01 19 00 000    2.78    -5.73     0.25  -414.80    -27.60    -62.30    5.12    178252.0
 2011 08 05 01 20 00 000    2.35    -5.60     0.54  -414.80    -27.60    -62.30    5.12    178252.0
 2011 08 05 01 21 00 000    2.46    -5.66     0.06  -411.10    -31.30    -64.80    5.40    186960.0
 2011 08 05 01 22 00 000    3.16    -5.36    -1.26  -411.10    -31.30    -64.80    5.40    186960.0
 2011 08 05 01 23 00 000    2.63    -5.63     0.14  -411.60    -32.50    -63.70    4.80    228529.0
 2011 08 05 01 24 00 000    2.71    -5.65    -0.85  -411.60    -32.50    -63.70    4.80    228529.0
 2011 08 05 01 25 00 000    2.60    -5.84    -0.15  -412.50    -35.50    -62.70    4.52    222379.0
 2011 08 05 01 26 00 000    2.36    -6.95     1.99  -412.70    -36.30    -62.50    4.45    220860.0
 2011 08 05 01 27 00 000    2.76    -7.07     1.30  -404.70    -55.90    -58.60    4.49    174528.0
 2011 08 05 01 28 00 000    2.26    -6.73     0.29  -404.70    -55.90    -58.60    4.49    174528.0
 2011 08 05 01 29 00 000    2.58    -6.49    -0.69  -413.30    -38.10    -65.00    5.92    128267.0
 2011 08 05 01 30 00 000    2.80    -6.28    -0.91  -413.40    -37.90    -65.10    5.94    127629.0
 2011 08 05 01 31 00 000    2.37    -6.12    -0.10  -414.70    -34.60    -66.40    5.38    120776.0
 2011 08 05 01 32 00 000    2.33    -6.03    -0.39  -414.60    -34.50    -66.50    5.40    122763.0
 2011 08 05 01 33 00 000    2.47    -5.99    -1.09  -412.30    -33.20    -67.80    5.78    154841.0
 2011 08 05 01 34 00 000    2.65    -6.00    -1.02  -406.30    -37.50    -64.40    5.09    158288.0
 2011 08 05 01 35 00 000    2.45    -5.91    -0.97  -405.20    -38.30    -63.80    4.98    158907.0
 2011 08 05 01 36 00 000    2.48    -5.83    -1.11  -404.90    -36.60    -60.00    5.59    137728.0
 2011 08 05 01 37 00 000    2.41    -5.79    -1.04  -405.90    -38.80    -62.10    5.35    143069.0
 2011 08 05 01 38 00 000    2.38    -5.65    -1.41  -407.50    -37.10    -63.70    5.45    157469.0
 2011 08 05 01 39 00 000    2.65    -5.70    -1.27  -408.30    -35.70    -64.20    5.57    164647.0
 2011 08 05 01 40 00 000    2.54    -6.23    -0.95  -406.60    -39.10    -62.00    5.35    139276.0
 2011 08 05 01 41 00 000    2.91    -5.23    -1.90  -408.40    -39.40    -59.60    5.25    144970.0
 2011 08 05 01 42 00 000    3.06    -5.76    -1.06  -407.80    -35.40    -62.10    5.40    137600.0
 2011 08 05 01 43 00 000    2.99    -6.30    -0.11  -408.90    -32.60    -61.80    5.45    130983.0
 2011 08 05 01 44 00 000    2.95    -5.97    -0.36  -417.40    -30.20    -50.60    5.20    120344.0
 2011 08 05 01 45 00 000    2.76    -5.89     0.17  -419.20    -15.40    -55.70    5.76    101464.0
 2011 08 05 01 46 00 000    2.80    -5.63    -0.21  -419.30    -14.50    -56.00    5.79    100365.0
 2011 08 05 01 48 00 000    3.45    -4.22    -2.07  -419.30    -14.50    -56.00    5.79    100365.0
 2011 08 05 01 49 00 000    3.03    -5.00    -1.63  -414.70    -19.60    -55.80    6.37    123174.0
 2011 08 05 01 50 00 000    3.32    -5.61    -1.17  -414.00    -18.90    -56.00    5.80    111524.0
 2011 08 05 01 51 00 000    2.96    -6.42     0.43  -408.70    -26.30    -62.70    4.52     96588.0
 2011 08 05 01 52 00 000    2.63    -6.61     0.77  -408.20    -27.10    -63.40    4.42     95690.0
 2011 08 05 01 53 00 000    2.83    -6.82     0.39  -409.10    -40.40    -46.20    4.56    146687.0
 2011 08 05 01 55 00 000    2.62    -7.05     0.56  -411.40    -31.60    -52.60    4.16    102746.0
 2011 08 05 01 56 00 000    2.25    -7.12     0.76  -411.10    -30.30    -53.50    4.26     99751.0
 2011 08 05 01 57 00 000    2.30    -7.02     0.94  -409.90    -25.70    -56.80    4.58     88953.0
 2011 08 05 01 58 00 000    2.52    -6.94     0.99  -411.10    -26.40    -59.10    4.03     92502.0
 2011 08 05 01 59 00 000    2.97    -6.87     0.36  -407.60    -32.20    -58.70    4.14    112924.0
 2011 08 05 02 00 00 000    2.87    -6.78     0.47  -404.60    -36.60    -58.00    4.35    127962.0
 2011 08 05 02 01 00 000    2.73    -6.83     0.47  -406.50    -33.20    -55.40    4.64     96413.0
 2011 08 05 02 02 00 000    2.94    -6.77     0.48  -407.00    -31.30    -56.90    4.60     95655.0
 2011 08 05 02 03 00 000    2.75    -6.84     0.54  -409.10    -23.10    -63.20    4.44     92398.0
 2011 08 05 02 04 00 000    2.75    -6.83     0.92  -409.10    -23.10    -63.20    4.44     92398.0
 2011 08 05 02 05 00 000    3.07    -6.72     0.43  -408.10    -26.70    -49.60    4.53    119922.0
 2011 08 05 02 06 00 000    3.42    -6.38    -0.20  -408.10    -26.80    -51.70    4.60    120259.0
 2011 08 05 02 07 00 000    3.40    -6.34    -0.09  -405.70    -21.60    -57.60    4.62    109419.0
 2011 08 05 02 08 00 000    3.68    -5.94    -1.03  -404.50    -19.10    -59.60    4.60    103064.0
 2011 08 05 02 09 00 000    3.42    -5.92    -0.86  -402.50    -19.20    -61.10    4.54     83542.0
 2011 08 05 02 10 00 000    3.34    -5.98    -0.54  -403.00    -19.30    -61.50    4.58     87255.0
 2011 08 05 02 11 00 000    3.40    -6.03    -0.33  -403.20    -19.40    -61.70    4.60     88750.0
 2011 08 05 02 12 00 000    3.30    -5.88    -0.30  -406.10    -15.50    -58.20    4.89     95542.0
 2011 08 05 02 13 00 000    3.26    -5.74    -0.32  -406.30    -15.60    -58.00    4.92     94401.0
 2011 08 05 02 14 00 000    4.28    -4.08    -2.10  -408.90    -17.60    -54.60    5.34     76546.0
 2011 08 05 02 15 00 000    4.67    -3.34    -2.99  -413.50    -15.10    -57.00    4.91    102269.0
 2011 08 05 02 16 00 000    5.04    -2.77    -3.62  -414.30    -15.10    -57.30    4.79    107285.0
 2011 08 05 02 17 00 000    5.08    -1.50    -4.24  -411.30    -32.30    -49.90    3.88    102297.0
 2011 08 05 02 18 00 000    5.19    -1.12    -4.54  -405.50    -35.40    -60.50    3.58    109461.0
 2011 08 05 02 19 00 000    5.12    -0.47    -4.86  -404.40    -36.00    -62.50    3.52    110826.0
 2011 08 05 02 20 00 000    5.00    -0.25    -4.97  -407.00    -32.90    -55.80    3.55    126077.0
 2011 08 05 02 21 00 000    4.96    -0.63    -4.74  -407.30    -33.60    -55.60    3.58    125727.0
 2011 08 05 02 22 00 000    5.05    -1.05    -4.64  -410.70    -42.70    -53.30    3.90    121318.0
 2011 08 05 02 23 00 000    4.54    -4.51    -2.53  -407.50    -36.70    -56.60    3.88    117006.0
 2011 08 05 02 24 00 000    4.53    -5.08    -1.84  -399.20    -21.30    -65.10    3.84    105860.0
 2011 08 05 02 25 00 000    4.47    -4.95    -2.13  -399.40    -21.60    -64.10    3.80    105355.0
 2011 08 05 02 26 00 000    4.49    -4.71    -2.48  -399.80    -22.30    -61.00    3.64    103845.0
 2011 08 05 02 27 00 000    4.62    -4.32    -2.91  -401.30    -26.60    -60.40    3.70     89184.0
 2011 08 05 02 28 00 000    4.64    -4.38    -2.44  -402.30    -23.70    -62.60    3.82     92834.0
 2011 08 05 02 29 00 000    4.10    -4.26    -3.54  -403.80    -12.70    -69.00    4.11    113064.0
 2011 08 05 02 30 00 000    4.39    -3.72    -3.67  -401.20    -23.90    -61.30    3.72     95642.0
 2011 08 05 02 31 00 000    4.98    -3.39    -3.29  -401.20    -23.90    -61.30    3.72     95642.0
 2011 08 05 02 32 00 000    4.67    -3.77    -3.10  -401.20    -23.90    -61.30    3.72     95642.0
 2011 08 05 02 33 00 000    4.65    -3.97    -2.85  -407.20    -27.50    -50.10    4.27    136561.0
 2011 08 05 02 34 00 000    4.68    -4.20    -2.51  -407.00    -27.60    -50.50    4.24    134519.0
 2011 08 05 02 35 00 000    4.65    -4.33    -2.55  -402.50    -29.60    -57.80    3.64     96172.0
 2011 08 05 02 36 00 000    4.47    -4.35    -2.82  -404.30    -28.20    -53.80    3.67     97932.0
 2011 08 05 02 37 00 000    4.49    -4.27    -2.63  -406.20    -26.70    -49.50    3.70     99824.0
 2011 08 05 02 38 00 000    4.64    -4.28    -2.41  -407.00    -28.70    -46.50    3.77    114335.0
 2011 08 05 02 39 00 000    4.53    -4.04    -2.60  -406.70    -28.70    -52.60    3.95    113574.0
 2011 08 05 02 40 00 000    4.75    -4.10    -2.49  -407.00    -27.80    -53.20    3.96    108980.0
 2011 08 05 02 41 00 000    4.78    -3.74    -2.83  -407.60    -26.70    -50.90    3.88    103795.0
 2011 08 05 02 42 00 000    4.61    -3.17    -3.18  -410.80    -19.70    -49.60    3.75    110248.0
 2011 08 05 02 43 00 000    4.16    -4.50    -2.30  -410.90    -20.20    -49.20    3.77    110535.0
 2011 08 05 02 44 00 000    4.51    -4.10    -2.20  -414.40    -35.80    -37.20    4.41    118516.0
 2011 08 05 02 45 00 000    4.63    -4.10    -2.08  -412.80    -30.20    -43.00    4.20    110268.0
 2011 08 05 02 46 00 000    4.41    -4.44    -1.94  -412.20    -28.10    -45.20    4.11    107129.0
 2011 08 05 02 47 00 000    4.32    -4.44    -2.11  -412.10    -29.80    -40.60    4.04    102695.0
 2011 08 05 02 48 00 000    4.68    -4.03    -2.00  -412.10    -29.80    -40.60    4.04    102811.0
 2011 08 05 02 49 00 000    4.88    -3.12    -2.64  -411.70    -27.90    -42.10    4.47    131267.0
 2011 08 05 02 50 00 000    4.53    -3.83    -2.27  -410.40    -21.40    -43.10    4.24    113528.0
 2011 08 05 02 51 00 000    4.39    -4.44    -1.91  -410.00    -27.60    -44.60    4.12    101975.0
 2011 08 05 02 52 00 000    4.48    -4.16    -2.23  -408.90    -32.00    -46.00    4.14     92879.0
 2011 08 05 02 53 00 000    4.54    -3.30    -3.15  -408.10    -30.40    -46.40    4.16     88192.0
 2011 08 05 02 54 00 000    4.55    -2.79    -3.53  -411.30    -17.90    -44.80    3.92     81267.0
 2011 08 05 02 55 00 000    4.63    -2.82    -3.39  -411.20    -18.30    -44.80    3.93     81760.0
 2011 08 05 02 56 00 000    4.59    -3.17    -3.35  -410.10    -25.30    -44.30    4.13     90657.0
 2011 08 05 02 57 00 000    4.69    -2.82    -3.44  -410.10    -25.30    -44.30    4.13     90657.0
 2011 08 05 02 58 00 000    5.32    -1.83    -2.98  -416.90    -42.20    -49.40    4.45    118088.0
 2011 08 05 02 59 00 000    5.16    -2.02    -3.06  -416.90    -42.20    -49.40    4.45    117978.0
 2011 08 05 03 00 00 000    5.13    -2.01    -3.11  -416.40    -37.30    -43.20    4.08     94904.0
 2011 08 05 03 01 00 000    5.09    -1.97    -3.07  -414.40    -34.20    -37.40    4.05     97429.0
 2011 08 05 03 02 00 000    5.00    -1.96    -3.09  -417.70    -37.80    -40.80    3.96     96800.0
 2011 08 05 03 03 00 000    4.91    -1.98    -2.90  -417.70    -37.80    -40.80    3.96     96800.0
 2011 08 05 03 04 00 000    4.38    -2.01    -3.62  -410.20    -36.70    -33.30    4.55    120939.0
 2011 08 05 03 05 00 000    4.88    -2.27    -2.30  -410.30    -36.50    -33.30    4.55    120689.0
 2011 08 05 03 06 00 000    4.74    -2.03    -3.22  -414.20    -27.30    -34.40    4.47    105598.0
 2011 08 05 03 07 00 000    4.77    -2.03    -3.23  -415.40    -28.20    -33.40    4.32     93949.0
 2011 08 05 03 08 00 000    4.87    -2.13    -2.91  -415.70    -29.30    -32.90    4.25     89673.0
 2011 08 05 03 09 00 000    4.95    -2.20    -2.70  -416.90    -31.90    -31.70    4.42    100760.0
 2011 08 05 03 10 00 000    4.93    -2.08    -2.71  -415.30    -28.80    -32.00    4.46    102677.0
 2011 08 05 03 11 00 000    5.02    -1.87    -2.56  -412.40    -22.80    -32.60    4.54    106316.0
 2011 08 05 03 12 00 000    5.12    -1.53    -2.75  -413.50    -22.10    -29.40    4.53    105442.0
 2011 08 05 03 13 00 000    5.20    -1.66    -2.57  -415.00    -21.90    -26.50    4.42     98751.0
 2011 08 05 03 14 00 000    5.40    -1.70    -2.45  -412.50    -27.60    -34.80    4.06     75494.0
 2011 08 05 03 15 00 000    5.45    -1.49    -2.31  -410.00    -33.50    -39.80    3.67     50565.0
 2011 08 05 03 16 00 000    5.24    -1.71    -2.61  -415.70    -25.10    -35.00    4.14     69668.0
 2011 08 05 03 17 00 000    5.13    -1.64    -2.75  -413.60    -23.60    -41.50    3.57     57374.0
 2011 08 05 03 18 00 000    5.15    -1.35    -2.96  -415.80    -30.40    -37.70    3.91     72094.0
 2011 08 05 03 19 00 000    5.29    -1.46    -2.99  -415.70    -30.60    -38.30    3.87     71284.0
 2011 08 05 03 20 00 000    5.39    -1.28    -2.85  -413.10    -24.80    -44.80    3.32     53350.0
 2011 08 05 03 21 00 000    5.26    -1.76    -2.88  -412.50    -23.00    -46.40    3.30     50775.0
 2011 08 05 03 22 00 000    5.22    -1.76    -2.82  -412.50    -23.00    -46.40    3.30     50775.0
 2011 08 05 03 23 00 000    5.38    -1.64    -2.70  -417.30    -25.00    -31.00    3.80     68506.0
 2011 08 05 03 24 00 000    5.75    -1.21    -2.48  -416.30    -26.80    -32.20    3.69     65113.0
 2011 08 05 03 25 00 000    5.74    -1.30    -2.60  -410.10    -37.90    -40.00    3.05     43955.0
 2011 08 05 03 26 00 000    5.59    -1.20    -2.94  -411.00    -38.20    -39.10    3.10     43206.0
 2011 08 05 03 27 00 000    5.59    -1.05    -2.88  -411.00    -38.20    -39.10    3.10     43194.0
 2011 08 05 03 28 00 000    5.55    -1.07    -2.87  -411.00    -38.20    -39.10    3.10     43194.0
 2011 08 05 03 29 00 000    5.45    -0.99    -2.87  -419.20    -24.80    -26.80    3.76     64771.0
 2011 08 05 03 30 00 000    5.42    -0.95    -2.87  -419.20    -24.80    -26.80    3.76     64771.0
 2011 08 05 03 31 00 000    5.32    -0.97    -3.04  -419.20    -24.80    -26.80    3.76     64771.0
 2011 08 05 03 32 00 000    5.23    -1.03    -3.25  -411.20    -36.70    -37.40    3.19     50007.0
 2011 08 05 03 33 00 000    5.15    -0.85    -2.05  -413.40    -37.60    -35.80    3.38     49234.0
 2011 08 05 03 34 00 000    5.11    -0.32    -2.37  -425.20    -42.20    -27.40    4.39     45123.0
 2011 08 05 03 35 00 000    5.07    -0.95    -2.17  -421.40    -42.00    -15.40    5.99     41497.0
 2011 08 05 03 36 00 000    5.00    -1.75    -2.17  -418.50    -36.20    -19.20    5.48     58697.0
 2011 08 05 03 37 00 000    4.98    -1.54    -1.83  -417.50    -38.10    -25.60    4.46     74574.0
 2011 08 05 03 38 00 000    4.92    -1.96    -1.78  -424.20    -46.60    -29.10    4.40     48969.0
 2011 08 05 03 39 00 000    4.88    -1.64    -1.99  -412.90    -32.60    -20.40    6.37     43130.0
 2011 08 05 03 40 00 000    4.87    -1.85    -1.94  -413.20    -32.30    -21.00    6.17     44933.0
 2011 08 05 03 41 00 000    4.93    -2.11    -1.64  -415.20    -30.30    -27.10    4.50     60219.0
 2011 08 05 03 42 00 000    5.19    -1.52    -1.36  -412.80    -38.10    -32.40    6.48     48860.0
 2011 08 05 03 43 00 000    5.01    -1.88    -1.55  -414.40    -41.60    -30.50    6.61     45977.0
 2011 08 05 03 44 00 000    4.87    -2.22    -1.65  -420.00    -42.00    -22.70    5.88     52200.0
 2011 08 05 03 45 00 000    4.90    -2.37    -1.31  -415.80    -34.60    -27.30    5.19     42823.0
 2011 08 05 03 46 00 000    4.77    -2.37    -1.68  -413.50    -24.60    -27.20    5.06     48756.0
 2011 08 05 03 47 00 000    4.76    -2.23    -0.83  -413.40    -23.30    -30.10    5.57     53501.0
 2011 08 05 03 48 00 000    4.89    -1.95    -1.15  -411.70    -28.10    -35.20    6.50     42849.0
 2011 08 05 03 49 00 000    3.99    -3.56    -1.57  -410.20    -22.70    -37.60    6.35     42317.0
 2011 08 05 03 50 00 000    4.14    -3.42    -1.40  -406.90    -14.30    -41.60    5.95     47060.0
 2011 08 05 03 51 00 000    4.36    -3.21    -1.13  -406.90    -14.30    -41.60    5.95     47060.0
 2011 08 05 03 52 00 000    4.46    -2.98    -1.06  -406.90    -14.30    -41.60    5.95     47060.0
 2011 08 05 03 53 00 000    4.92    -1.65    -1.47  -409.80    -27.30    -35.50    6.52     49141.0
 2011 08 05 03 54 00 000    4.84    -1.43    -1.78  -409.80    -27.30    -35.50    6.52     49141.0
 2011 08 05 03 55 00 000    4.59    -2.06    -1.73  -409.80    -27.30    -35.50    6.52     49141.0
 2011 08 05 03 56 00 000    4.44    -2.29    -1.48  -416.80    -32.00    -19.40    6.19     60336.0
 2011 08 05 03 57 00 000    4.44    -2.21    -1.55  -416.80    -32.00    -19.40    6.19     60336.0
 2011 08 05 03 59 00 000    3.96    -2.71    -0.84  -414.50    -31.40    -24.90    6.96     41815.0
 2011 08 05 04 00 00 000    3.74    -3.38    -0.15  -413.40    -30.10    -25.80    6.76     41375.0
 2011 08 05 04 01 00 000    3.59    -3.63     0.18  -407.60    -21.80    -32.60    5.65     48550.0
 2011 08 05 04 02 00 000    3.41    -3.86     0.45  -407.60    -20.10    -37.20    5.44     57004.0
 2011 08 05 04 03 00 000    3.05    -4.09     0.80  -409.10    -12.10    -38.50    5.70     57695.0
 2011 08 05 04 04 00 000    3.08    -4.03     0.61  -409.10    -12.10    -38.50    5.70     57695.0
 2011 08 05 04 05 00 000    2.85    -3.99     0.83  -409.10    -12.10    -38.50    5.70     57695.0
 2011 08 05 04 06 00 000    2.90    -4.04     0.81  -409.10    -12.10    -38.50    5.70     57695.0
 2011 08 05 04 07 00 000    2.78    -3.86     0.86  -406.90    -28.80    -40.90    4.51     38817.0
 2011 08 05 04 08 00 000    2.84    -3.81     0.39  -406.90    -28.80    -40.90    4.51     38817.0
 2011 08 05 04 09 00 000    2.84    -3.76     0.46  -406.90    -28.80    -40.90    4.51     38817.0
 2011 08 05 04 10 00 000    2.81    -3.82     0.27  -406.40    -31.40    -36.00    4.85     45090.0
 2011 08 05 04 11 00 000    2.72    -3.81     0.33  -406.40    -31.40    -36.00    4.85     45090.0
 2011 08 05 04 12 00 000    1.49    -3.78     1.57  -410.40    -22.90    -30.30    6.22     52900.0
 2011 08 05 04 13 00 000   -1.31    -3.13     3.73  -407.80    -26.20    -32.00    6.14     48593.0
 2011 08 05 04 14 00 000   -1.88    -2.90     3.68  -397.30    -39.90    -39.30    5.83     30744.0
 2011 08 05 04 15 00 000   -1.86    -3.07     3.59  -397.80    -39.50    -36.60    5.40     27188.0
 2011 08 05 04 16 00 000   -2.01    -2.99     3.58  -397.80    -39.50    -36.60    5.40     27140.0
 2011 08 05 04 17 00 000   -1.65    -3.04     3.73  -397.60    -38.80    -38.40    5.52     27750.0
 2011 08 05 04 18 00 000   -1.26    -3.55     3.54  -397.60    -38.80    -38.50    5.53     27784.0
 2011 08 05 04 19 00 000   -1.31    -3.50     3.63  -396.90    -39.70    -39.90    5.20     31148.0
 2011 08 05 04 20 00 000   -1.29    -3.32     3.78  -396.90    -39.70    -39.90    5.20     31148.0
 2011 08 05 04 21 00 000   -1.40    -3.56     3.47  -396.90    -40.90    -38.90    5.42     32395.0
 2011 08 05 04 22 00 000   -1.17    -3.58     3.46  -396.90    -40.90    -38.90    5.42     32395.0
 2011 08 05 04 23 00 000   -0.97    -3.51     3.58  -396.90    -40.90    -38.90    5.42     32395.0
 2011 08 05 04 24 00 000   -1.11    -3.67     3.33  -396.90    -40.90    -38.90    5.42     32395.0
 2011 08 05 04 25 00 000   -1.15    -3.67     3.37  -396.80    -39.90    -38.00    5.61     37150.0
 2011 08 05 04 26 00 000   -1.11    -3.85     3.38  -396.80    -39.90    -38.00    5.61     37150.0
 2011 08 05 04 27 00 000   -1.17    -3.69     3.59  -396.80    -39.90    -38.00    5.61     37150.0
 2011 08 05 04 28 00 000   -1.07    -3.71     3.58  -396.80    -39.90    -38.00    5.61     37150.0
 2011 08 05 04 29 00 000   -1.42    -3.71     3.39  -396.80    -39.90    -38.00    5.61     37150.0
 2011 08 05 04 30 00 000   -1.03    -3.83     3.59  -396.80    -39.90    -38.00    5.61     37150.0
 2011 08 05 04 31 00 000   -1.13    -3.65     3.83  -399.10    -41.20    -35.40    5.54     42679.0
 2011 08 05 04 32 00 000   -1.12    -3.67     3.87  -399.10    -41.20    -35.40    5.54     42679.0
 2011 08 05 04 33 00 000   -1.22    -3.73     3.80  -399.10    -41.20    -35.40    5.54     42679.0
 2011 08 05 04 34 00 000   -1.00    -3.68     3.83  -399.10    -41.20    -35.40    5.54     42679.0
 2011 08 05 04 35 00 000   -1.24    -3.70     3.69  -399.30    -40.50    -35.50    5.26     32788.0
 2011 08 05 04 36 00 000   -1.10    -3.58     3.81  -399.30    -40.50    -35.50    5.26     32788.0
 2011 08 05 04 37 00 000   -1.18    -3.63     3.80  -399.30    -40.50    -35.50    5.26     32788.0
 2011 08 05 04 38 00 000   -0.95    -3.65     4.03  -399.30    -40.50    -35.50    5.26     32788.0
 2011 08 05 04 39 00 000   -1.02    -3.71     3.99  -401.10    -37.90    -37.10    5.17     34385.0
 2011 08 05 04 40 00 000   -1.00    -3.83     3.88  -401.10    -37.90    -37.10    5.17     34385.0
 2011 08 05 04 41 00 000   -1.18    -3.91     3.79  -401.10    -37.90    -36.60    5.19     35215.0
 2011 08 05 04 42 00 000   -1.32    -3.72     3.82  -401.10    -37.90    -36.50    5.19     35373.0
 2011 08 05 04 43 00 000   -1.30    -3.69     3.77  -401.10    -37.90    -36.50    5.19     35373.0
 2011 08 05 04 44 00 000   -1.35    -3.80     3.85  -402.40    -35.10    -35.50    5.22     37752.0
 2011 08 05 04 45 00 000   -1.00    -3.88     3.42  -402.40    -35.10    -35.50    5.22     37752.0
 2011 08 05 04 46 00 000   -0.93    -4.06     3.05  -402.40    -35.10    -35.50    5.22     37752.0
 2011 08 05 04 47 00 000   -0.77    -3.87     3.27  -400.50    -37.90    -35.20    5.24     49210.0
 2011 08 05 04 48 00 000   -0.88    -3.79     3.27  -400.50    -37.90    -35.20    5.24     49210.0
 2011 08 05 04 49 00 000   -0.94    -3.98     3.01  -400.50    -37.90    -35.20    5.24     49210.0
 2011 08 05 04 50 00 000   -0.77    -4.04     2.94  -398.30    -41.00    -36.60    5.24     47177.0
 2011 08 05 04 51 00 000   -0.97    -4.09     2.89  -399.70    -38.30    -36.50    5.04     45823.0
 2011 08 05 04 52 00 000   -0.87    -3.98     2.93  -399.00    -36.90    -34.10    4.88     45334.0
 2011 08 05 04 53 00 000   -1.07    -4.04     2.75  -399.80    -36.70    -35.50    4.92     45368.0
 2011 08 05 04 54 00 000   -1.38    -4.05     2.77  -400.50    -38.20    -35.50    5.09     53835.0
 2011 08 05 04 55 00 000   -0.88    -4.21     2.84  -400.00    -37.50    -34.70    5.02     41142.0
 2011 08 05 04 56 00 000   -0.88    -4.28     2.82  -397.20    -40.60    -36.30    5.03     36362.0
 2011 08 05 04 57 00 000   -1.04    -4.34     3.21  -396.60    -40.80    -38.00    5.19     32887.0
 2011 08 05 04 58 00 000   -0.63    -4.48     3.03  -393.50    -38.30    -42.10    5.04     38116.0
 2011 08 05 04 59 00 000   -1.07    -4.52     2.80  -392.70    -37.40    -41.90    4.98     41077.0
 2011 08 05 05 00 00 000   -0.80    -4.70     2.57  -393.20    -41.20    -40.60    5.02     38920.0
 2011 08 05 05 01 00 000   -1.14    -4.65     2.42  -394.30    -42.30    -40.30    5.14     44805.0
 2011 08 05 05 02 00 000   -0.01    -4.82     2.00  -392.00    -39.70    -42.30    5.14     49618.0
 2011 08 05 05 03 00 000    0.20    -4.83     1.92  -392.10    -39.70    -42.40    5.17     46146.0
 2011 08 05 05 04 00 000    0.27    -4.50     1.89  -389.60    -34.90    -44.60    5.15     48128.0
 2011 08 05 05 05 00 000   -0.10    -4.26     2.20  -392.30    -34.80    -43.50    5.52     51462.0
 2011 08 05 05 06 00 000    0.49    -4.29     1.62  -392.30    -34.20    -44.10    5.19     50066.0
 2011 08 05 05 07 00 000    0.34    -4.21     1.64  -392.30    -34.20    -44.10    5.18     50042.0
 2011 08 05 05 08 00 000    0.54    -4.23     1.43  -392.30    -34.20    -44.10    5.18     50042.0
 2011 08 05 05 09 00 000    0.95    -4.26     1.26  -392.30    -34.20    -44.10    5.18     50042.0
 2011 08 05 05 10 00 000    0.94    -4.33     1.21  -395.60    -35.00    -35.80    5.64     62146.0
 2011 08 05 05 11 00 000    1.33    -4.02     1.02  -395.40    -32.80    -37.30    5.69     65565.0
 2011 08 05 05 12 00 000    1.77    -3.86     0.55  -395.20    -31.10    -38.50    5.72     68180.0
 2011 08 05 05 13 00 000    1.98    -3.82     0.39  -401.40    -30.10    -35.00    5.69     65247.0
 2011 08 05 05 14 00 000    1.97    -3.71     0.30  -401.10    -30.10    -35.10    5.67     65977.0
 2011 08 05 05 15 00 000    2.06    -3.57     0.12  -398.90    -30.50    -36.20    5.54     71684.0
 2011 08 05 05 16 00 000    2.46    -3.43    -0.33  -400.00    -31.20    -35.20    5.57     65893.0
 2011 08 05 05 17 00 000    2.84    -3.14    -0.35  -400.10    -31.20    -35.10    5.57     65486.0
 2011 08 05 05 18 00 000    2.31    -3.39    -0.61  -397.80    -26.70    -33.60    5.54     64534.0
 2011 08 05 05 19 00 000    1.40    -3.72     1.14  -397.80    -26.70    -33.60    5.54     64534.0
 2011 08 05 05 20 00 000    0.87    -3.96     1.66  -396.70    -48.00    -29.30    4.96     40436.0
 2011 08 05 05 21 00 000    1.47    -4.01     1.17  -400.10    -36.90    -30.40    5.24     52366.0
 2011 08 05 05 22 00 000    0.87    -4.34     1.30  -401.10    -32.50    -32.20    5.24     60090.0
 2011 08 05 05 23 00 000    1.05    -4.37     1.29  -401.40    -35.00    -32.90    4.99     63778.0
 2011 08 05 05 24 00 000    0.37    -4.24     2.01  -400.70    -38.80    -35.30    4.93     59090.0
 2011 08 05 05 25 00 000    1.02    -4.07     1.97  -396.10    -42.50    -34.30    5.11     42069.0
 2011 08 05 05 26 00 000    1.09    -4.06     1.92  -399.60    -43.20    -30.50    4.93     66272.0
 2011 08 05 05 27 00 000    1.26    -4.24     1.27  -400.60    -43.40    -29.50    4.88     72931.0
 2011 08 05 05 28 00 000    1.62    -4.14     1.35  -399.70    -36.10    -34.10    4.78     66689.0
 2011 08 05 05 29 00 000    1.07    -4.03     2.00  -398.20    -41.20    -30.50    5.40     51071.0
 2011 08 05 05 30 00 000    0.65    -4.19     1.74  -397.40    -43.90    -28.60    5.74     42679.0
 2011 08 05 05 31 00 000   -0.71    -4.20     2.19  -397.20    -44.90    -33.10    5.72     59727.0
 2011 08 05 05 32 00 000   -0.55    -4.14     2.33  -397.10    -45.10    -32.10    5.26     45128.0
 2011 08 05 05 34 00 000   -0.74    -3.72     3.01  -397.00    -45.20    -31.70    5.08     39675.0
 2011 08 05 05 36 00 000   -0.84    -3.77     3.03  -397.00    -45.20    -31.70    5.08     39675.0
 2011 08 05 05 37 00 000   -0.84    -3.77     3.03  -397.00    -45.20    -31.70    5.08     39675.0
 2011 08 05 05 38 00 000   -0.75    -3.62     3.20  -397.00    -45.20    -31.70    5.08     39675.0
 2011 08 05 05 39 00 000   -0.75    -3.61     3.20  -397.00    -45.20    -31.70    5.08     39675.0
 2011 08 05 05 40 00 000   -0.92    -3.53     3.01  -397.00    -45.20    -31.70    5.08     39675.0
 2011 08 05 05 41 00 000   -0.92    -3.53     3.01  -397.00    -45.20    -31.70    5.08     39675.0
 2011 08 05 05 42 00 000   -1.51    -3.37     2.67  -397.00    -45.20    -31.70    5.08     39675.0
 2011 08 05 05 43 00 000   -1.51    -3.37     2.67  -397.00    -45.20    -31.70    5.08     39675.0
 2011 08 05 05 44 00 000   -1.85    -3.57     2.15  -397.00    -45.20    -31.70    5.08     39675.0
 2011 08 05 05 46 00 000   -1.97    -3.64     1.81  -399.00    -50.30    -30.00    5.49     54850.0
 2011 08 05 05 47 00 000   -2.37    -3.18     2.19  -399.00    -50.30    -30.00    5.49     54850.0
 2011 08 05 05 48 00 000   -2.37    -3.18     2.19  -399.00    -50.30    -30.00    5.49     54850.0
 2011 08 05 05 49 00 000   -2.33    -3.44     1.82  -399.00    -50.30    -30.00    5.49     54850.0
 2011 08 05 05 50 00 000   -1.96    -3.59     2.04  -399.00    -50.30    -30.00    5.49     54850.0
 2011 08 05 05 51 00 000   -2.22    -3.42     2.29  -399.00    -50.30    -30.00    5.49     54850.0
 2011 08 05 05 52 00 000   -2.22    -3.42     2.29  -399.00    -50.30    -30.00    5.49     54850.0
 2011 08 05 05 53 00 000   -2.53    -3.41     1.75  -399.00    -50.30    -30.00    5.49     54850.0
 2011 08 05 05 54 00 000   -3.71    -1.62     3.14  -408.40    -45.50    -21.60    4.77     58614.0
 2011 08 05 05 55 00 000   -3.67    -1.57     3.23  -410.50    -44.40    -18.10    4.52     53846.0
 2011 08 05 05 56 00 000   -3.74    -1.56     3.25  -419.10    -41.10     -4.80    3.57     36261.0
 2011 08 05 05 57 00 000   -3.65    -1.67     3.48  -416.10    -44.60     -7.70    3.69     34581.0
 2011 08 05 05 58 00 000   -3.47    -2.02     3.03  -416.80    -44.70     -8.40    3.63     32914.0
 2011 08 05 05 59 00 000   -3.43    -1.83     3.12  -417.40    -44.80     -8.90    3.58     31575.0
 2011 08 05 06 00 00 000   -3.17    -1.86     3.38  -417.40    -44.80     -8.90    3.58     31575.0
 2011 08 05 06 01 00 000   -3.40    -2.15     2.92  -417.40    -44.80     -8.90    3.58     31575.0
 2011 08 05 06 02 00 000   -3.00    -2.29     3.23  -403.00    -51.80    -27.10    5.02     59284.0
 2011 08 05 06 03 00 000   -3.25    -2.14     3.20  -413.20    -49.30    -13.70    4.02     41988.0
 2011 08 05 06 04 00 000   -2.96    -2.08     3.46  -409.30    -47.90     -9.50    3.83     47815.0
 2011 08 05 06 05 00 000   -3.03    -2.25     3.18  -408.40    -48.40     -8.00    4.25     58759.0
 2011 08 05 06 06 00 000   -2.96    -2.11     3.39  -406.60    -45.40     -9.90    4.03     57695.0
 2011 08 05 06 07 00 000   -3.05    -2.46     3.37  -406.60    -45.40    -18.60    4.59     66039.0
 2011 08 05 06 08 00 000   -2.81    -2.71     3.51  -408.50    -53.00    -16.10    3.81     46898.0
 2011 08 05 06 09 00 000   -3.12    -2.44     3.14  -407.60    -58.20    -24.60    3.47     41977.0
 2011 08 05 06 10 00 000   -3.15    -1.65     3.68  -405.90    -51.80    -20.00    3.99     55288.0
 2011 08 05 06 11 00 000   -3.70    -1.64     3.44  -411.50    -48.60    -15.90    3.83     47139.0
 2011 08 05 06 12 00 000   -3.39    -1.80     3.40  -426.20    -40.30     -5.60    3.46     25185.0
 2011 08 05 06 13 00 000   -2.83    -2.59     2.98  -403.20    -53.00    -29.50    4.91     50231.0
 2011 08 05 06 14 00 000   -4.89    -1.02     3.22  -411.70    -46.90    -18.00    4.33     40875.0
 2011 08 05 06 15 00 000   -4.93    -0.96     3.24  -427.60    -43.90     -8.70    3.41     22699.0
 2011 08 05 06 16 00 000   -4.93    -0.98     3.22  -427.60    -43.90     -8.70    3.41     22699.0
 2011 08 05 06 17 00 000   -5.04    -0.91     3.04  -427.60    -43.90     -8.70    3.41     22699.0
 2011 08 05 06 18 00 000   -4.90    -1.32     2.82  -429.60    -39.70     -6.50    3.47     31838.0
 2011 08 05 06 19 00 000   -4.89    -1.26     2.80  -429.60    -39.70     -6.50    3.47     31838.0
 2011 08 05 06 20 00 000   -5.07    -1.07     2.90  -433.20    -40.10    -10.20    3.20     21657.0
 2011 08 05 06 21 00 000   -5.07    -0.80     3.03  -433.20    -40.10    -10.20    3.20     21657.0
 2011 08 05 06 22 00 000   -4.90    -1.27     2.83  -433.20    -40.10    -10.20    3.20     21657.0
 2011 08 05 06 23 00 000   -4.80    -1.43     2.88  -433.20    -40.10    -10.20    3.20     21657.0
 2011 08 05 06 24 00 000   -4.80    -1.28     3.00  -430.90    -48.60     -8.30    3.44     23313.0
 2011 08 05 06 25 00 000   -5.00    -1.07     3.04  -430.90    -48.60     -8.30    3.44     23313.0
 2011 08 05 06 26 00 000   -5.10    -1.03     2.95  -431.80    -40.80    -11.50    3.16     21833.0
 2011 08 05 06 27 00 000   -4.61    -1.82     3.14  -427.10    -45.00    -12.60    3.23     21208.0
 2011 08 05 06 28 00 000   -4.67    -1.65     3.09  -425.00    -47.00    -13.10    3.25     20925.0
 2011 08 05 06 29 00 000   -4.89    -1.05     3.14  -425.00    -47.00    -13.10    3.25     20925.0
 2011 08 05 06 30 00 000   -4.71    -1.39     2.90  -430.50    -39.50    -10.00    3.19     22610.0
 2011 08 05 06 31 00 000   -4.66    -1.43     2.66  -430.20    -35.90     -8.80    3.32     22774.0
 2011 08 05 06 32 00 000   -4.46    -1.63     3.03  -425.30    -47.00    -11.10    3.19     25015.0
 2011 08 05 06 33 00 000   -4.42    -1.63     2.89  -424.80    -46.50    -11.10    3.16     27031.0
 2011 08 05 06 34 00 000   -4.34    -2.01     2.97  -423.20    -50.40    -12.00    3.14     24294.0
 2011 08 05 06 35 00 000   -4.32    -1.97     3.19  -424.40    -49.50    -15.50    3.14     20709.0
 2011 08 05 06 36 00 000   -4.37    -2.04     3.12  -424.70    -49.10    -15.50    3.13     20639.0
 2011 08 05 06 38 00 000   -4.19    -1.90     3.48  -424.70    -49.10    -15.50    3.13     20639.0
 2011 08 05 06 39 00 000   -4.33    -1.89     3.29  -424.70    -49.10    -15.50    3.13     20639.0
 2011 08 05 06 40 00 000   -4.30    -2.05     3.32  -421.30    -48.70     -8.10    3.34     25649.0
 2011 08 05 06 41 00 000   -4.38    -2.16     3.22  -421.30    -48.70     -8.10    3.34     25649.0
 2011 08 05 06 42 00 000   -4.36    -2.17     3.20  -421.40    -48.10     -8.10    3.16     24638.0
 2011 08 05 06 43 00 000   -4.29    -2.07     3.22  -421.40    -48.10     -8.10    3.16     24638.0
 2011 08 05 06 44 00 000   -4.46    -2.13     3.06  -421.20    -48.20    -10.30    3.13     22582.0
 2011 08 05 06 45 00 000   -4.55    -1.97     3.01  -421.20    -48.20    -10.30    3.13     22582.0
 2011 08 05 06 46 00 000   -4.44    -2.05     3.07  -421.60    -44.70     -9.40    3.08     23432.0
 2011 08 05 06 47 00 000   -4.40    -2.33     2.88  -421.60    -44.70     -9.40    3.08     23432.0
 2011 08 05 06 48 00 000   -4.51    -1.54     2.95  -422.50    -43.20     -8.60    3.12     25986.0
 2011 08 05 06 49 00 000   -4.69    -1.19     2.88  -423.50    -41.60     -7.70    3.17     28673.0
 2011 08 05 06 50 00 000   -4.71    -1.63     2.83  -426.10    -37.50     -8.20    3.30     25226.0
 2011 08 05 06 51 00 000   -4.39    -2.29     2.72  -428.00    -34.60     -8.60    3.38     22793.0
 2011 08 05 06 52 00 000   -4.43    -2.17     2.77  -426.60    -38.80    -10.10    3.27     24038.0
 2011 08 05 06 53 00 000   -4.60    -1.55     2.96  -424.20    -46.40    -12.80    3.08     26250.0
 2011 08 05 06 54 00 000   -3.82    -1.30     2.40  -424.20    -46.40    -12.80    3.08     26250.0
 2011 08 05 06 55 00 000   -4.54    -1.63     2.85  -428.00    -42.50    -12.10    3.47     32367.0
 2011 08 05 06 56 00 000   -3.84    -1.26     2.33  -428.00    -42.50    -12.10    3.47     32367.0
 2011 08 05 06 57 00 000   -3.71    -1.20     2.28  -428.00    -42.50    -12.10    3.47     32367.0
 2011 08 05 06 58 00 000   -3.36    -1.57     2.03  -427.00    -50.70    -13.30    3.58     45222.0
 2011 08 05 06 59 00 000   -3.24    -2.15     1.89  -427.00    -50.70    -13.30    3.58     45222.0
 2011 08 05 07 00 00 000   -2.83    -2.67     1.83  -417.60    -56.40    -21.20    3.61     39032.0
 2011 08 05 07 01 00 000   -2.53    -2.58     1.63  -417.60    -56.40    -21.20    3.61     39032.0
 2011 08 05 07 02 00 000   -3.05    -0.53     2.16  -417.60    -56.40    -21.20    3.61     39032.0
 2011 08 05 07 03 00 000   -3.54    -1.03     2.02  -423.50    -36.20     -4.30    3.81     40617.0
 2011 08 05 07 04 00 000   -4.15    -0.16     1.75  -424.60    -37.50     -5.70    3.86     39242.0
 2011 08 05 07 05 00 000   -4.16     0.65     1.83  -425.90    -23.90     -6.40    3.93     31918.0
 2011 08 05 07 06 00 000   -4.14     1.80     1.81  -426.00    -20.20     -6.20    3.93     30519.0
 2011 08 05 07 07 00 000   -4.43     0.21     2.11  -429.60    -22.60     -7.20    3.57     30974.0
 2011 08 05 07 08 00 000   -4.46    -0.66     2.10  -431.10    -25.30     -9.40    3.48     31593.0
 2011 08 05 07 09 00 000   -4.54    -0.74     1.96  -431.20    -25.20    -11.60    3.41     29622.0
 2011 08 05 07 10 00 000   -4.58    -0.69     2.05  -434.50    -22.60    -10.70    3.04     31131.0
 2011 08 05 07 11 00 000   -4.41    -0.85     2.18  -431.20    -24.90     -9.10    3.33     33526.0
 2011 08 05 07 12 00 000   -4.60    -0.61     2.05  -428.50    -36.00    -13.30    3.49     39500.0
 2011 08 05 07 13 00 000   -4.62    -0.38     1.98  -431.70    -22.90     -9.30    3.07     27449.0
 2011 08 05 07 14 00 000   -4.65    -0.04     1.84  -430.60    -23.60     -8.50    3.29     28388.0
 2011 08 05 07 15 00 000   -4.75     0.05     1.59  -430.20    -20.20     -8.90    3.36     30026.0
 2011 08 05 07 16 00 000   -4.74    -0.00     1.57  -431.40    -23.10    -15.00    2.89     39897.0
 2011 08 05 07 17 00 000   -4.73     0.09     1.71  -431.40    -23.10    -15.00    2.89     39897.0
 2011 08 05 07 18 00 000   -4.74     0.07     1.54  -431.40    -23.10    -15.00    2.89     39897.0
 2011 08 05 07 19 00 000   -4.71     0.03     1.62  -431.90    -20.00     -8.60    2.90     29871.0
 2011 08 05 07 20 00 000   -4.71     0.09     1.60  -431.90    -20.00     -8.60    2.90     29871.0
 2011 08 05 07 21 00 000   -4.75     0.13     1.47  -431.90    -20.00     -8.60    2.90     29871.0
 2011 08 05 07 22 00 000   -4.75     0.20     1.40  -431.60    -18.40    -11.00    2.81     29469.0
 2011 08 05 07 23 00 000   -4.83     0.34     1.13  -431.60    -18.40    -11.00    2.81     29469.0
 2011 08 05 07 24 00 000   -4.81     0.19     1.23  -431.00    -18.50    -12.20    2.91     30601.0
 2011 08 05 07 25 00 000   -4.73     0.04     1.40  -431.00    -18.50    -12.20    2.91     30601.0
 2011 08 05 07 26 00 000   -4.75     0.05     1.31  -431.00    -18.50    -12.20    2.91     30601.0
 2011 08 05 07 27 00 000   -4.79     0.11     1.20  -431.00    -18.50    -12.20    2.91     30601.0
 2011 08 05 07 28 00 000   -4.80     0.19     1.23  -429.20    -24.50     -9.90    2.90     31949.0
 2011 08 05 07 29 00 000   -4.79     0.10     1.27  -429.20    -24.50     -9.90    2.90     31949.0
 2011 08 05 07 30 00 000   -4.78     0.09     1.27  -429.20    -24.50     -9.90    2.90     31949.0
 2011 08 05 07 31 00 000   -4.76    -0.00     1.31  -428.90    -24.30     -9.10    2.91     32172.0
 2011 08 05 07 32 00 000   -4.79     0.15     1.20  -429.10    -23.70     -9.40    2.91     31906.0
 2011 08 05 07 33 00 000   -4.74     0.24     1.13  -431.20    -15.00    -14.00    2.98     28220.0
 2011 08 05 07 34 00 000   -4.68     0.36     1.19  -431.30    -14.40    -14.30    2.98     27966.0
 2011 08 05 07 35 00 000   -4.74     0.43     1.23  -431.50    -13.40    -15.10    2.97     27758.0
 2011 08 05 07 36 00 000   -4.78     0.33     1.26  -431.50    -13.40    -15.10    2.97     27758.0
 2011 08 05 07 37 00 000   -4.78     0.26     1.26  -431.50    -13.40    -15.10    2.97     27758.0
 2011 08 05 07 38 00 000   -4.77     0.30     1.27  -429.90    -16.20    -14.50    2.96     29255.0
 2011 08 05 07 39 00 000   -4.75     0.21     1.36  -429.90    -16.20    -14.50    2.96     29255.0
 2011 08 05 07 40 00 000   -4.77     0.16     1.29  -429.90    -16.20    -14.50    2.96     29255.0
 2011 08 05 07 41 00 000   -4.74     0.24     1.42  -429.30    -17.70    -16.00    2.92     30966.0
 2011 08 05 07 42 00 000   -4.72     0.38     1.52  -428.10    -19.80    -17.00    2.90     34837.0
 2011 08 05 07 43 00 000   -4.75     0.32     1.43  -427.10    -21.50    -17.70    2.88     37903.0
 2011 08 05 07 44 00 000   -4.76     0.22     1.39  -427.40    -22.70    -11.40    2.90     35110.0
 2011 08 05 07 45 00 000   -4.79     0.20     1.36  -427.40    -22.70    -11.40    2.90     35110.0
 2011 08 05 07 46 00 000   -4.77     0.20     1.34  -427.40    -22.70    -11.40    2.90     35110.0
 2011 08 05 07 47 00 000   -4.80     0.21     1.33  -426.80    -21.70    -11.10    2.91     33099.0
 2011 08 05 07 48 00 000   -4.82     0.22     1.30  -426.90    -21.80    -11.90    2.90     33691.0
 2011 08 05 07 49 00 000   -4.65     0.68     1.26  -426.80    -21.00    -12.40    2.96     33390.0
 2011 08 05 07 50 00 000   -4.70     0.51     1.22  -426.50    -19.40    -12.00    3.12     31243.0
 2011 08 05 07 51 00 000   -4.45     1.19     1.26  -426.40    -19.60    -11.90    3.12     29622.0
 2011 08 05 07 52 00 000   -4.47     1.17     1.21  -426.10    -17.90    -11.40    3.28     26986.0
 2011 08 05 07 53 00 000   -4.43     1.25     1.29  -425.70    -16.30    -10.50    3.31     27707.0
 2011 08 05 07 54 00 000   -4.34     1.34     1.45  -425.70    -16.30    -10.50    3.31     27706.0
 2011 08 05 07 55 00 000   -4.31     1.40     1.23  -422.40    -11.40    -16.20    3.43     26138.0
 2011 08 05 07 56 00 000   -4.27     0.89     1.57  -424.00    -13.70    -11.50    3.32     27652.0
 2011 08 05 07 57 00 000   -4.25     1.44     1.01  -423.50    -14.90    -15.90    3.54     29389.0
 2011 08 05 07 58 00 000   -4.41     1.21     0.86  -423.10    -15.90    -18.00    3.58     26935.0
 2011 08 05 07 59 00 000   -4.11     1.70     1.16  -422.60    -17.00    -20.60    3.63     23742.0
 2011 08 05 08 00 00 000   -4.16     1.57     1.11  -422.30    -13.30    -18.10    3.82     22958.0
 2011 08 05 08 01 00 000   -4.15     1.48     1.35  -422.00    -13.80    -17.90    3.76     23138.0
 2011 08 05 08 02 00 000   -4.04     1.75     1.16  -421.30    -15.30    -17.50    3.59     23651.0
 2011 08 05 08 03 00 000   -4.41     0.90     1.02  -421.70    -13.90    -18.10    3.65     24270.0
 2011 08 05 08 04 00 000   -4.50     0.92     0.73  -423.10    -17.30    -22.10    3.60     21773.0
 2011 08 05 08 05 00 000   -4.51     1.05     0.75  -423.20    -20.10    -22.90    3.70     21720.0
 2011 08 05 08 06 00 000   -4.38     1.25     1.07  -423.20    -20.20    -22.90    3.70     21749.0
 2011 08 05 08 07 00 000   -4.31     1.29     1.24  -422.30    -20.20    -21.10    3.62     21338.0
 2011 08 05 08 08 00 000   -4.12     1.89     1.10  -422.20    -19.50    -20.90    3.62     21423.0
 2011 08 05 08 09 00 000   -4.20     1.59     1.26  -420.60    -12.30    -18.30    3.59     22326.0
 2011 08 05 08 10 00 000   -4.10     1.85     1.23  -420.30    -10.70    -17.40    3.57     23235.0
 2011 08 05 08 11 00 000   -4.13     1.83     1.13  -420.30    -10.40    -17.30    3.56     23384.0
 2011 08 05 08 12 00 000   -4.11     1.74     1.25  -421.10    -11.50    -17.40    3.38     30956.0
 2011 08 05 08 13 00 000   -3.84     2.24     1.33  -421.10    -11.50    -17.40    3.38     30956.0
 2011 08 05 08 14 00 000   -3.78     2.20     1.44  -416.80     -2.60    -11.20    3.65     22094.0
 2011 08 05 08 15 00 000   -3.81     2.16     1.36  -416.90     -2.90    -11.40    3.65     22661.0
 2011 08 05 08 16 00 000   -3.82     2.34     1.18  -417.80     -5.20    -12.80    3.61     25712.0
 2011 08 05 08 17 00 000   -4.51     0.47     1.01  -419.60    -11.40    -16.80    3.47     25897.0
 2011 08 05 08 18 00 000   -4.59     0.33     0.85  -423.10    -18.10    -21.70    3.29     23977.0
 2011 08 05 08 19 00 000   -4.57     0.31     0.84  -425.20    -19.90    -23.70    3.12     21406.0
 2011 08 05 08 20 00 000   -4.46     0.69     0.81  -425.00    -19.40    -22.90    3.12     22094.0
 2011 08 05 08 21 00 000   -4.34     1.01     0.97  -424.30    -18.20    -22.40    3.12     21964.0
 2011 08 05 08 22 00 000   -4.38     0.86     0.84  -422.70    -15.50    -21.30    3.08     21657.0
 2011 08 05 08 23 00 000   -4.35     1.00     0.90  -423.00    -14.60    -20.40    3.12     21895.0
 2011 08 05 08 24 00 000   -4.36     1.00     0.88  -423.00    -14.50    -20.40    3.12     21818.0
 2011 08 05 08 25 00 000   -4.41     1.11     0.85  -423.00    -14.50    -20.80    3.11     21315.0
 2011 08 05 08 26 00 000   -4.52     1.06     1.10  -422.70    -11.30    -20.20    3.12     29004.0
 2011 08 05 08 27 00 000   -4.40     2.00     1.34  -422.60    -10.00    -21.10    3.19     29600.0
 2011 08 05 08 28 00 000   -4.30     2.24     1.06  -419.70     -6.60    -23.10    3.25     26338.0
 2011 08 05 08 29 00 000   -3.94     2.79     1.17  -415.60      0.30    -25.10    3.35     25036.0
 2011 08 05 08 30 00 000   -3.94     2.74     1.02  -412.80      5.40    -26.60    3.43     24224.0
 2011 08 05 08 31 00 000   -4.45     1.87     1.03  -421.40     -9.20    -21.50    3.40     25724.0
 2011 08 05 08 32 00 000   -4.57     1.64     1.01  -421.40     -9.20    -21.60    3.40     25760.0
 2011 08 05 08 33 00 000   -4.51     1.70     1.05  -421.10     -9.50    -23.30    3.49     26595.0
 2011 08 05 08 34 00 000   -4.53     1.75     1.03  -422.10    -10.70    -24.40    3.39     25008.0
 2011 08 05 08 35 00 000   -4.61     1.60     0.96  -422.10    -10.60    -24.50    3.37     25147.0
 2011 08 05 08 36 00 000   -4.49     1.88     1.10  -421.60     -9.40    -24.40    3.35     26427.0
 2011 08 05 08 37 00 000   -4.48     1.86     0.99  -421.30     -7.80    -23.90    3.20     25893.0
 2011 08 05 08 38 00 000   -4.52     1.65     0.88  -421.30     -7.30    -23.90    3.23     26001.0
 2011 08 05 08 39 00 000   -4.49     1.77     0.80  -420.70     -6.00    -25.60    3.32     26611.0
 2011 08 05 08 40 00 000   -4.55     1.71     0.77  -418.50     -4.20    -29.60    3.38     32999.0
 2011 08 05 08 41 00 000   -4.65     1.42     0.77  -418.10     -4.40    -33.50    3.39     30368.0
 2011 08 05 08 42 00 000   -4.58     1.69     0.88  -418.40     -3.80    -35.00    3.35     28525.0
 2011 08 05 08 43 00 000   -4.61     1.65     0.89  -419.00     -3.00    -34.50    3.32     28189.0
 2011 08 05 08 44 00 000   -4.56     1.69     0.89  -417.80     -5.50    -36.00    3.33     27399.0
 2011 08 05 08 45 00 000   -4.64     1.59     0.94  -417.80     -5.50    -36.00    3.33     27397.0
 2011 08 05 08 46 00 000   -4.69     1.54     0.92  -417.80     -5.50    -36.00    3.33     27397.0
 2011 08 05 08 47 00 000   -4.67     1.53     0.97  -420.20     -6.20    -29.10    3.22     27329.0
 2011 08 05 08 48 00 000   -4.81     1.29     1.09  -419.60     -6.70    -31.40    3.24     27689.0
 2011 08 05 08 49 00 000   -4.80     1.26     1.03  -419.60     -6.70    -31.40    3.24     27689.0
 2011 08 05 08 50 00 000   -4.84     1.21     1.14  -422.40     -9.20    -25.10    3.31     26706.0
 2011 08 05 08 51 00 000   -4.56     0.64     1.19  -422.40     -9.20    -25.10    3.31     26706.0
 2011 08 05 08 52 00 000   -4.56     0.48     1.28  -422.40     -9.20    -25.10    3.31     26706.0
 2011 08 05 08 53 00 000   -4.60     0.56     1.09  -427.60     -9.80    -22.70    3.83     44333.0
 2011 08 05 08 54 00 000   -4.68     0.61     0.95  -427.60     -9.80    -22.70    3.83     44333.0
 2011 08 05 08 56 00 000   -4.67     1.06     1.05  -427.60     -9.80    -22.70    3.83     44333.0
 2011 08 05 08 57 00 000   -4.71     0.97     1.02  -424.80     -7.80    -27.40    3.92     44727.0
 2011 08 05 08 58 00 000   -4.74     0.76     1.14  -424.80     -7.80    -27.40    3.92     44727.0
 2011 08 05 08 59 00 000   -4.60     1.07     1.20  -425.80     -7.90    -26.90    3.83     42619.0
 2011 08 05 09 00 00 000   -4.57     1.37     1.06  -425.80     -7.90    -26.90    3.83     42550.0
 2011 08 05 09 01 00 000   -4.57     1.42     1.01  -428.90    -12.00    -23.80    3.83     45687.0
 2011 08 05 09 02 00 000   -4.69     0.41     1.02  -428.90    -12.00    -23.80    3.83     45687.0
 2011 08 05 09 03 00 000   -4.74    -0.02     1.11  -428.90    -12.00    -23.80    3.83     45687.0
 2011 08 05 09 04 00 000   -4.69     0.49     1.28  -429.60    -10.70    -21.10    3.76     43974.0
 2011 08 05 09 05 00 000   -4.73    -0.25     1.35  -429.60    -11.80    -22.30    3.69     42980.0
 2011 08 05 09 06 00 000   -4.78    -0.54     1.34  -429.40    -12.00    -22.80    3.64     42215.0
 2011 08 05 09 07 00 000   -4.79    -0.60     1.34  -429.10     -7.00    -20.20    3.74     42484.0
 2011 08 05 09 12 00 000   -4.79    -0.72     1.35  -429.40     -3.90    -19.00    3.88     41913.0
 2011 08 05 09 13 00 000   -4.73    -0.83     1.42  -429.90     -3.30    -21.10    3.76     44662.0
 2011 08 05 09 14 00 000   -4.64    -1.11     1.50  -429.90     -3.30    -21.10    3.76     44662.0
 2011 08 05 09 15 00 000   -4.55    -1.21     1.62  -429.90     -3.10    -21.10    3.76     44775.0
 2011 08 05 09 16 00 000   -4.28    -1.74     1.48  -431.70      3.80    -19.10    3.83     49452.0
 2011 08 05 09 17 00 000   -4.33    -1.36     1.57  -431.40      4.00    -19.90    3.85     50959.0
 2011 08 05 09 18 00 000   -3.93    -2.00     2.02  -430.20      4.90    -23.80    3.97     58178.0
 2011 08 05 09 19 00 000   -4.34    -0.80     2.03  -430.20      4.90    -23.80    3.97     58178.0
 2011 08 05 09 20 00 000   -4.88     1.53     1.66  -428.90     -7.00    -26.20    2.90     47737.0
 2011 08 05 09 21 00 000   -4.74     2.29     1.51  -428.90     -6.10    -26.00    2.95     46677.0
 2011 08 05 09 22 00 000   -4.77     2.32     1.61  -428.80     -2.80    -25.60    3.14     42963.0
 2011 08 05 09 23 00 000   -4.82     2.23     1.50  -429.10     -4.00    -28.10    3.07     43356.0
 2011 08 05 09 24 00 000   -4.85     1.66     1.77  -427.30     -2.00    -26.40    3.12     48852.0
 2011 08 05 09 25 00 000   -5.00     0.28     2.27  -427.10     -1.70    -26.20    3.13     49541.0
 2011 08 05 09 26 00 000   -4.96     0.63     2.18  -432.00     -4.70    -24.80    2.50     40062.0
 2011 08 05 09 27 00 000   -5.02     0.83     1.96  -434.70     -0.00    -22.20    2.87     44718.0
 2011 08 05 09 28 00 000   -5.20     1.06     1.82  -433.50     -0.70    -25.00    2.68     43514.0
 2011 08 05 09 29 00 000   -5.26     1.23     1.84  -432.90     -1.30    -26.40    2.58     44306.0
 2011 08 05 09 30 00 000   -5.33     0.93     1.89  -433.10     -1.50    -27.30    2.70     59215.0
 2011 08 05 09 31 00 000   -5.40     0.85     1.88  -431.60     -1.20    -27.30    2.62     62297.0
 2011 08 05 09 32 00 000   -5.33     0.91     1.90  -430.50     -1.70    -30.10    2.66     68616.0
 2011 08 05 09 33 00 000   -5.31     0.84     1.87  -430.00     -1.30    -31.80    2.72     71182.0
 2011 08 05 09 34 00 000   -5.36     0.85     1.72  -429.60     -0.90    -32.20    2.71     69896.0
 2011 08 05 09 35 00 000   -5.36     0.81     1.69  -429.70     -1.50    -35.20    2.75     71141.0
 2011 08 05 09 36 00 000   -5.34     0.90     1.71  -430.00     -0.90    -36.10    2.79     71901.0
 2011 08 05 09 37 00 000   -5.39     0.99     1.66  -430.00     -1.10    -36.00    2.77     65725.0
 2011 08 05 09 38 00 000   -5.35     0.98     1.62  -431.70      0.60    -32.60    2.84     68403.0
 2011 08 05 09 39 00 000   -5.51     0.63     1.55  -431.80      0.70    -32.50    2.84     68432.0
 2011 08 05 09 40 00 000   -5.57     0.72     1.53  -431.60      2.90    -29.30    2.55     55215.0
 2011 08 05 09 41 00 000   -5.53     0.65     1.42  -433.00     -0.10    -30.10    2.66     56146.0
 2011 08 05 09 42 00 000   -5.54     0.79     1.50  -433.40      1.80    -30.00    2.66     56729.0
 2011 08 05 09 43 00 000   -5.54     0.80     1.52  -433.50      3.00    -29.80    2.65     56912.0
 2011 08 05 09 44 00 000   -5.56     0.52     1.15  -434.40      5.10    -29.40    2.70     57282.0
 2011 08 05 09 45 00 000   -5.53     0.60     1.22  -435.20      3.30    -31.20    2.71     57692.0
 2011 08 05 09 46 00 000   -5.62     0.75     1.15  -433.10      2.60    -34.70    2.61     48891.0
 2011 08 05 09 47 00 000   -5.51     0.69     0.99  -430.20      3.90    -35.30    2.50     40979.0
 2011 08 05 09 48 00 000   -5.49     0.86     0.90  -428.90      5.50    -37.70    2.60     34392.0
 2011 08 05 09 49 00 000   -5.40     0.71     1.30  -428.70      5.30    -35.30    2.61     34416.0
 2011 08 05 09 50 00 000   -5.30     1.11     1.05  -428.70      5.20    -34.70    2.61     34500.0
 2011 08 05 09 51 00 000   -5.24     1.31     1.00  -428.40      6.50    -30.30    2.95     41055.0
 2011 08 05 09 52 00 000   -5.23     1.30     0.99  -428.20      6.70    -30.10    2.94     40811.0
 2011 08 05 09 53 00 000   -5.29     1.19     0.77  -427.20      8.20    -28.50    2.89     39200.0
 2011 08 05 09 54 00 000   -5.26     1.23     0.74  -428.10      6.50    -29.20    2.92     42955.0
 2011 08 05 09 55 00 000   -5.19     1.27     0.96  -426.60      9.80    -34.20    3.10     58139.0
 2011 08 05 09 56 00 000   -5.19     1.29     1.02  -426.30     10.40    -35.10    3.12     60949.0
 2011 08 05 09 57 00 000   -5.15     1.27     1.02  -425.70      9.10    -36.90    3.18     55178.0
 2011 08 05 09 58 00 000   -5.14     1.38     0.84  -425.70      9.10    -36.90    3.18     55178.0
 2011 08 05 09 59 00 000   -5.12     1.45     0.78  -425.90     13.50    -33.30    2.97     50810.0
 2011 08 05 10 00 00 000   -4.97     2.02     0.55  -425.40     14.70    -34.00    3.01     51516.0
 2011 08 05 10 01 00 000   -4.93     2.05     0.61  -423.90     18.00    -35.90    3.13     53484.0
 2011 08 05 10 02 00 000   -5.00     2.12     0.26  -423.90     18.00    -35.90    3.13     53484.0
 2011 08 05 10 03 00 000   -5.00     2.31     0.31  -419.60     11.80    -36.20    2.70     37420.0
 2011 08 05 10 04 00 000   -5.11     2.43     0.48  -419.60     11.80    -36.20    2.70     37420.0
 2011 08 05 10 05 00 000   -5.07     2.57     0.34  -419.60     11.80    -36.20    2.70     37420.0
 2011 08 05 10 06 00 000   -5.04     2.72     0.19  -418.60     13.20    -32.70    2.75     40772.0
 2011 08 05 10 07 00 000   -5.07     2.68     0.37  -418.60     13.20    -32.70    2.75     40772.0
 2011 08 05 10 08 00 000   -5.07     2.68     0.39  -418.60     13.20    -32.70    2.75     40772.0
 2011 08 05 10 09 00 000   -5.11     2.50     0.57  -419.40     10.60    -32.00    2.68     39433.0
 2011 08 05 10 10 00 000   -5.23     2.23     0.88  -419.40     10.60    -32.00    2.68     39433.0
 2011 08 05 10 11 00 000   -5.23     2.16     1.04  -420.10      7.60    -32.40    2.71     40490.0
 2011 08 05 10 12 00 000   -5.31     1.91     1.20  -420.10      7.60    -32.40    2.71     40490.0
 2011 08 05 10 13 00 000   -5.34     1.65     1.35  -423.70      2.30    -23.90    3.07     43616.0
 2011 08 05 10 14 00 000   -5.31     1.79     1.29  -423.70      2.30    -23.90    3.07     43616.0
 2011 08 05 10 15 00 000   -5.28     1.86     1.19  -424.80      3.70    -24.50    2.79     39229.0
 2011 08 05 10 16 00 000   -5.48     1.78     1.19  -425.20      4.00    -24.90    2.72     39435.0
 2011 08 05 10 17 00 000   -5.59     1.48     1.32  -426.00      3.90    -27.30    2.68     52401.0
 2011 08 05 10 18 00 000   -5.41     1.64     1.10  -431.80      2.50    -24.40    3.58     82763.0
 2011 08 05 10 19 00 000   -5.35     1.63     1.07  -433.20      2.50    -26.10    3.65     80960.0
 2011 08 05 10 20 00 000   -5.43     1.61     1.00  -432.50      1.60    -30.30    3.48     70688.0
 2011 08 05 10 21 00 000   -5.23     2.00     0.77  -430.80      1.00    -32.00    3.38     68208.0
 2011 08 05 10 22 00 000   -5.19     2.40     0.61  -428.00      7.90    -32.70    3.44     64494.0
 2011 08 05 10 23 00 000   -5.39     2.04     0.73  -427.90      4.50    -32.60    3.43     69391.0
 2011 08 05 10 24 00 000   -5.46     1.79     0.78  -428.60      3.00    -32.20    3.39     68519.0
 2011 08 05 10 25 00 000   -5.15     2.64     0.82  -430.80     -0.70    -31.10    3.29     64415.0
 2011 08 05 10 26 00 000   -5.26     2.48     0.64  -430.10      2.10    -27.40    3.18     59549.0
 2011 08 05 10 27 00 000   -5.28     2.35     0.63  -429.70      4.30    -25.10    3.12     55926.0
 2011 08 05 10 28 00 000   -5.19     2.53     0.54  -430.20      7.20    -27.40    3.26     53075.0
 2011 08 05 10 29 00 000   -5.14     2.61     0.51  -429.10      9.60    -28.60    3.22     50536.0
 2011 08 05 10 30 00 000   -5.13     2.58     0.53  -429.00      9.70    -28.70    3.22     50390.0
 2011 08 05 10 31 00 000   -5.09     2.65     0.51  -430.50     13.60    -22.60    3.46     57207.0
 2011 08 05 10 32 00 000   -5.20     2.60     0.61  -430.50     13.60    -22.60    3.46     57207.0
 2011 08 05 10 33 00 000   -5.26     2.59     0.58  -430.50     13.60    -22.60    3.46     57207.0
 2011 08 05 10 34 00 000   -5.20     2.60     0.62  -427.80      9.10    -24.00    3.36     55801.0
 2011 08 05 10 35 00 000   -5.21     2.61     0.68  -427.80      9.10    -24.00    3.36     55801.0
 2011 08 05 10 36 00 000   -5.27     2.61     0.54  -427.80      9.10    -24.00    3.36     55801.0
 2011 08 05 10 37 00 000   -5.28     2.65     0.36  -427.40      9.80    -23.30    2.87     36197.0
 2011 08 05 10 38 00 000   -5.28     2.53     0.61  -427.40      9.80    -23.30    2.87     36397.0
 2011 08 05 10 39 00 000   -5.32     2.26     0.91  -429.70      5.80    -24.40    3.21     52357.0
 2011 08 05 10 40 00 000   -5.32     2.34     0.82  -429.20      5.90    -25.30    3.16     50731.0
 2011 08 05 10 41 00 000   -5.38     2.33     0.64  -428.30      6.20    -26.70    3.07     47161.0
 2011 08 05 10 42 00 000   -5.31     2.36     0.79  -429.50      6.70    -25.20    3.15     51151.0
 2011 08 05 10 43 00 000   -5.29     2.40     0.67  -430.50      7.20    -23.90    3.23     54559.0
 2011 08 05 10 44 00 000   -5.33     2.24     0.87  -431.20      6.10    -23.20    3.25     54583.0
 2011 08 05 10 45 00 000   -5.31     2.17     0.95  -431.50      5.50    -22.90    3.26     54575.0
 2011 08 05 10 46 00 000   -5.32     2.19     0.81  -431.40      5.00    -21.80    3.15     48489.0
 2011 08 05 10 47 00 000   -5.36     2.17     0.83  -431.10      5.80    -24.80    3.11     45231.0
 2011 08 05 10 48 00 000   -5.31     2.32     0.82  -430.90      4.70    -25.40    3.12     49402.0
 2011 08 05 10 49 00 000   -5.30     2.29     0.96  -430.50      4.80    -23.70    3.15     52170.0
 2011 08 05 10 50 00 000   -5.29     2.31     0.78  -429.30      4.20    -24.60    3.19     55772.0
 2011 08 05 10 51 00 000   -5.30     2.11     0.80  -429.90      4.60    -27.80    3.24     51612.0
 2011 08 05 10 52 00 000   -5.35     1.95     0.77  -430.30      4.90    -28.00    3.26     50286.0
 2011 08 05 10 53 00 000   -5.32     2.02     0.78  -430.10      5.10    -26.40    3.26     47534.0
 2011 08 05 10 54 00 000   -5.32     1.96     0.79  -430.10      5.00    -26.40    3.26     47579.0
 2011 08 05 10 55 00 000   -5.34     2.01     0.78  -429.80      3.00    -26.90    3.26     48660.0
 2011 08 05 10 56 00 000   -5.30     2.10     0.83  -427.60      4.80    -27.50    3.27     60890.0
 2011 08 05 10 57 00 000   -5.40     1.83     0.93  -426.80      5.80    -27.90    3.26     63611.0
 2011 08 05 10 58 00 000   -5.41     1.82     0.95  -425.80      7.90    -28.80    3.23     59544.0
 2011 08 05 10 59 00 000   -5.44     1.74     1.05  -426.40      7.70    -30.00    3.25     56936.0
 2011 08 05 11 00 00 000   -5.49     1.47     1.18  -424.90      7.80    -32.50    3.22     56872.0
 2011 08 05 11 01 00 000   -5.49     1.50     1.12  -424.80      7.80    -32.70    3.21     56050.0
 2011 08 05 11 02 00 000   -5.46     1.62     1.16  -425.20      7.60    -31.60    3.10     49625.0
 2011 08 05 11 03 00 000   -5.52     1.46     1.04  -425.20      7.60    -31.60    3.10     49625.0
 2011 08 05 11 04 00 000   -5.55     1.33     1.17  -426.40      5.80    -25.50    2.95     51443.0
 2011 08 05 11 05 00 000   -5.60     1.36     1.07  -426.40      5.80    -25.50    2.95     51443.0
 2011 08 05 11 06 00 000   -5.57     1.36     1.11  -426.40      5.80    -25.50    2.95     51443.0
 2011 08 05 11 07 00 000   -5.51     1.43     1.26  -426.30      8.80    -19.00    2.98     41213.0
 2011 08 05 11 08 00 000   -5.55     1.67     0.75  -426.30      8.80    -19.00    2.98     41213.0
 2011 08 05 11 09 00 000   -5.51     1.86     0.60  -424.70     11.00    -15.20    2.83     43406.0
 2011 08 05 11 10 00 000   -5.56     1.99     0.61  -421.30      7.30    -21.40    2.56     38301.0
 2011 08 05 11 11 00 000   -5.55     1.91     0.80  -419.00      5.80    -26.70    2.41     35186.0
 2011 08 05 11 12 00 000   -5.53     1.92     0.89  -418.20      5.60    -30.10    2.37     33991.0
 2011 08 05 11 13 00 000   -5.54     1.90     0.80  -419.40      2.20    -31.60    2.39     33383.0
 2011 08 05 11 14 00 000   -5.52     1.97     0.82  -418.80      4.00    -30.60    2.39     33577.0
 2011 08 05 11 15 00 000   -5.56     1.87     0.86  -418.00      6.80    -29.20    2.38     33868.0
 2011 08 05 11 16 00 000   -5.56     1.74     0.94  -418.70      7.50    -28.70    2.48     34178.0
 2011 08 05 11 17 00 000   -5.55     1.75     0.88  -419.40      8.30    -28.20    2.58     34529.0
 2011 08 05 11 18 00 000   -5.57     1.73     0.77  -419.40      8.30    -28.20    2.58     34529.0
 2011 08 05 11 19 00 000   -5.51     1.69     0.79  -422.20      8.30    -20.30    2.57     35139.0
 2011 08 05 11 20 00 000   -5.38     1.92     0.74  -422.20      8.00    -20.90    2.64     38065.0
 2011 08 05 11 21 00 000   -5.22     2.16     0.79  -422.80      7.90    -25.50    3.15     55627.0
 2011 08 05 11 22 00 000   -5.26     2.07     0.87  -424.00     10.40    -29.20    3.49     63196.0
 2011 08 05 11 23 00 000   -5.39     1.71     0.82  -423.50      9.10    -30.50    3.34     57878.0
 2011 08 05 11 24 00 000   -5.38     1.77     0.83  -423.50      9.10    -30.50    3.34     57878.0
 2011 08 05 11 25 00 000   -5.43     1.70     0.70  -424.20      9.40    -32.20    3.31     52829.0
 2011 08 05 11 26 00 000   -5.43     1.76     0.57  -424.00      8.80    -25.80    3.08     45692.0
 2011 08 05 11 27 00 000   -5.47     1.64     0.48  -423.70      8.40    -21.00    2.92     41117.0
 2011 08 05 11 28 00 000   -5.51     1.53     0.76  -423.30      9.40    -29.40    3.33     54704.0
 2011 08 05 11 29 00 000   -5.50     1.57     1.03  -422.10     10.20    -32.50    3.12     46933.0
 2011 08 05 11 30 00 000   -5.58     1.47     0.79  -422.00     10.20    -32.70    3.12     46421.0
 2011 08 05 11 31 00 000   -5.60     1.37     0.85  -422.00     10.20    -32.70    3.12     46421.0
 2011 08 05 11 32 00 000   -5.56     1.51     0.85  -422.90     10.10    -26.40    3.07     43376.0
 2011 08 05 11 33 00 000   -5.54     1.47     0.84  -423.20     10.20    -25.10    3.06     42698.0
 2011 08 05 11 34 00 000   -5.54     1.54     0.87  -424.50     10.80    -20.10    3.04     39956.0
 2011 08 05 11 35 00 000   -5.55     1.47     0.84  -424.70      8.70    -19.60    2.92     37601.0
 2011 08 05 11 36 00 000   -5.56     1.34     0.91  -424.50      8.60    -20.10    2.93     38982.0
 2011 08 05 11 37 00 000   -5.50     1.60     0.89  -422.50      7.60    -25.10    3.09     48717.0
 2011 08 05 11 38 00 000   -5.54     1.48     0.86  -422.40      8.10    -29.40    3.20     44596.0
 2011 08 05 11 39 00 000   -5.55     1.52     0.77  -421.20      8.20    -30.10    3.21     47330.0
 2011 08 05 11 40 00 000   -5.54     1.49     0.69  -421.20      8.20    -30.10    3.21     47330.0
 2011 08 05 11 41 00 000   -5.56     1.27     0.70  -421.00     11.40    -23.80    3.06     39217.0
 2011 08 05 11 42 00 000   -5.52     1.35     0.70  -420.90     10.90    -24.80    3.09     41299.0
 2011 08 05 11 43 00 000   -5.53     1.19     0.78  -420.60      8.90    -29.00    3.22     49545.0
 2011 08 05 11 44 00 000   -5.47     1.12     0.96  -421.10      8.60    -25.70    3.07     41269.0
 2011 08 05 11 45 00 000   -5.36     1.19     1.12  -421.20      8.60    -25.30    3.05     40302.0
 2011 08 05 11 46 00 000   -5.43     1.20     0.97  -421.20      8.60    -25.30    3.05     40302.0
 2011 08 05 11 47 00 000   -5.43     1.03     1.13  -421.20      8.60    -25.30    3.05     40302.0
 2011 08 05 11 48 00 000   -5.40     1.24     0.94  -424.90     13.20    -14.90    3.65     46589.0
 2011 08 05 11 49 00 000   -5.31     1.12     1.15  -422.80     11.90    -23.90    3.53     55200.0
 2011 08 05 11 50 00 000   -5.27     0.98     1.26  -423.80     13.00    -18.60    3.66     53017.0
 2011 08 05 11 51 00 000   -5.24     1.24     1.17  -424.60     13.70    -14.70    3.75     50565.0
 2011 08 05 11 52 00 000   -5.23     1.33     1.19  -424.60     13.70    -14.70    3.75     50565.0
 2011 08 05 11 53 00 000   -5.28     1.53     1.20  -419.10     11.80    -21.80    3.28     54820.0
 2011 08 05 11 54 00 000   -5.31     1.71     1.06  -421.60     13.20    -17.50    3.58     54333.0
 2011 08 05 11 55 00 000   -5.40     1.66     0.90  -417.70     11.20    -24.60    2.93     38164.0
 2011 08 05 11 56 00 000   -5.42     1.64     1.01  -416.30     10.20    -25.80    2.83     37360.0
 2011 08 05 11 57 00 000   -5.41     1.64     1.08  -415.90      9.90    -26.00    2.81     37295.0
 2011 08 05 11 58 00 000   -5.35     1.67     1.32  -415.60     10.40    -27.10    2.77     38328.0
 2011 08 05 11 59 00 000   -5.43     1.48     1.25  -415.60     10.50    -27.10    2.77     38366.0
 2011 08 05 12 00 00 000   -5.41     1.56     1.26  -415.00     12.80    -25.80    2.70     39618.0
 2011 08 05 12 01 00 000   -5.41     1.55     1.18  -414.70     12.80    -25.60    2.72     40095.0
 2011 08 05 12 02 00 000   -5.35     1.72     1.17  -414.00     12.80    -24.90    2.81     41354.0
 2011 08 05 12 03 00 000   -5.35     1.79     1.19  -416.30     11.50    -26.80    2.90     37519.0
 2011 08 05 12 04 00 000   -5.39     1.75     1.27  -415.90     10.40    -26.60    2.85     37387.0
 2011 08 05 12 05 00 000   -5.34     1.74     1.26  -415.60      9.90    -26.40    2.82     37450.0
 2011 08 05 12 06 00 000   -5.35     1.72     1.17  -416.50     10.00    -24.90    3.02     36702.0
 2011 08 05 12 07 00 000   -5.34     1.67     1.25  -416.50     10.00    -24.90    3.02     36769.0
 2011 08 05 12 08 00 000   -5.32     1.65     1.34  -416.60     11.30    -25.10    2.95     38756.0
 2011 08 05 12 09 00 000   -5.23     1.68     1.40  -417.10     12.00    -27.80    3.23     51036.0
 2011 08 05 12 10 00 000   -5.28     1.70     1.35  -417.30     12.20    -28.50    3.30     53881.0
 2011 08 05 12 11 00 000   -5.27     1.63     1.37  -418.00     12.80    -27.80    3.08     37180.0
 2011 08 05 12 12 00 000   -5.24     1.77     1.35  -417.40     13.10    -30.10    3.04     37180.0
 2011 08 05 12 13 00 000   -5.22     1.73     1.18  -417.30     13.20    -30.60    3.03     37180.0
 2011 08 05 12 14 00 000   -5.16     1.63     1.35  -418.30     13.30    -28.60    3.23     35754.0
 2011 08 05 12 15 00 000   -5.11     1.57     1.60  -418.30     13.30    -28.50    3.24     36246.0
 2011 08 05 12 16 00 000   -5.00     1.56     1.70  -418.40     13.40    -28.30    3.28     37813.0
 2011 08 05 12 17 00 000   -4.92     1.68     1.63  -419.30     13.20    -28.50    3.36     35930.0
 2011 08 05 12 18 00 000   -4.91     1.76     1.58  -419.50     12.70    -28.60    3.38     35660.0
 2011 08 05 12 19 00 000   -4.95     1.61     1.52  -419.70     11.10    -29.10    3.42     35285.0
 2011 08 05 12 20 00 000   -5.06     1.41     1.48  -419.20     15.00    -29.70    3.35     35790.0
 2011 08 05 12 21 00 000   -5.11     1.35     1.50  -419.00     16.50    -29.90    3.33     35990.0
 2011 08 05 12 22 00 000   -5.08     1.22     1.61  -419.00     16.50    -29.90    3.33     35990.0
 2011 08 05 12 23 00 000   -5.17     1.14     1.48  -419.00     16.50    -29.90    3.33     35990.0
 2011 08 05 12 24 00 000   -5.20     1.35     1.13  -419.60     11.00    -20.00    3.55     40089.0
 2011 08 05 12 25 00 000   -5.23     1.51     0.70  -421.00     14.00    -17.50    3.76     41580.0
 2011 08 05 12 26 00 000   -5.19     1.60     0.29  -418.40      6.70    -22.20    3.68     59385.0
 2011 08 05 12 27 00 000   -5.13     1.58     0.21  -418.40      6.70    -22.20    3.68     59385.0
 2011 08 05 12 28 00 000   -5.12     1.77     0.06  -418.40      6.70    -22.20    3.68     59385.0
 2011 08 05 12 29 00 000   -5.11     1.81     0.04  -421.70      6.60    -15.40    3.40     43389.0
 2011 08 05 12 30 00 000   -5.01     1.78     0.01  -421.90      6.80    -16.60    3.59     52818.0
 2011 08 05 12 31 00 000   -4.92     1.60     0.20  -422.10      7.00    -18.20    3.83     65049.0
 2011 08 05 12 32 00 000   -5.03     1.63     0.25  -422.10      7.00    -18.20    3.83     65049.0
 2011 08 05 12 33 00 000   -4.96     1.71     0.46  -421.60     11.30    -23.40    4.10     85831.0
 2011 08 05 12 34 00 000   -5.00     1.69     0.47  -422.30     10.20    -14.40    4.04     70130.0
 2011 08 05 12 35 00 000   -4.96     1.74     0.43  -424.50     11.60    -10.00    4.01     62510.0
 2011 08 05 12 36 00 000   -4.85     1.78     0.38  -423.40     10.30    -19.80    3.90     69569.0
 2011 08 05 12 37 00 000   -4.77     1.84     0.51  -423.20      8.80    -19.10    3.74     64122.0
 2011 08 05 12 38 00 000   -4.74     2.04     0.50  -423.20      8.80    -19.10    3.74     64021.0
 2011 08 05 12 39 00 000   -4.81     1.78     0.86  -423.20      8.80    -19.10    3.74     64021.0
 2011 08 05 12 40 00 000   -4.97     1.15     1.48  -424.60     14.50    -15.20    3.99     77799.0
 2011 08 05 12 41 00 000   -4.98     1.34     1.32  -424.60     14.50    -15.20    3.99     77799.0
 2011 08 05 12 42 00 000   -5.00     1.19     1.46  -424.60     12.30    -14.10    4.17     93452.0
 2011 08 05 12 43 00 000   -5.20     1.25     1.16  -424.70      9.90    -13.00    4.32    108075.0
 2011 08 05 12 44 00 000   -5.29     0.44     1.60  -429.20      4.90    -14.80    2.52     41891.0
 2011 08 05 12 45 00 000   -5.18     0.77     1.90  -429.40      4.70    -14.90    2.43     38817.0
 2011 08 05 12 46 00 000   -5.40     1.85     0.93  -431.30     16.80    -13.70    2.24     39960.0
 2011 08 05 12 47 00 000   -5.31     1.30     1.44  -431.30     17.00    -13.80    2.25     40028.0
 2011 08 05 12 48 00 000   -5.09     0.37     2.13  -434.00     36.70    -23.40    3.72     48226.0
 2011 08 05 12 49 00 000   -5.02     0.35     2.23  -434.10     37.20    -23.60    3.76     48420.0
 2011 08 05 12 50 00 000   -4.98     0.43     2.30  -431.20     34.40    -20.80    3.92     48317.0
 2011 08 05 12 51 00 000   -4.85     0.24     2.38  -431.90     33.10    -19.30    3.64     46585.0
 2011 08 05 12 52 00 000   -5.02     0.27     2.08  -434.50     28.40    -13.90    2.67     40368.0
 2011 08 05 12 53 00 000   -5.16     0.47     2.06  -434.60     27.30    -15.10    2.40     38419.0
 2011 08 05 12 54 00 000   -5.10     0.37     2.19  -433.00     19.90    -13.10    2.62     43897.0
 2011 08 05 12 55 00 000   -4.96     0.31     2.42  -432.60     17.90    -12.50    2.68     45355.0
 2011 08 05 12 56 00 000   -4.85     0.35     2.58  -432.40     17.40    -10.30    2.71     44925.0
 2011 08 05 12 57 00 000   -4.94     0.34     2.45  -432.40     17.40    -10.30    2.71     44925.0
 2011 08 05 12 58 00 000   -5.00     0.48     2.31  -432.40     17.40    -10.30    2.71     44925.0
 2011 08 05 12 59 00 000   -4.93     0.20     2.57  -432.10     20.90    -12.70    2.67     42614.0
 2011 08 05 13 00 00 000   -4.86     0.19     2.62  -432.10     20.90    -12.70    2.67     42614.0
 2011 08 05 13 01 00 000   -4.84     0.22     2.62  -432.10     20.90    -12.70    2.67     42614.0
 2011 08 05 13 02 00 000   -4.84     0.50     2.63  -431.70     19.40    -12.20    2.60     41688.0
 2011 08 05 13 03 00 000   -4.80     0.29     2.68  -431.70     19.40    -12.20    2.60     41688.0
 2011 08 05 13 04 00 000   -4.83     0.13     2.66  -431.70     19.40    -12.20    2.60     41688.0
 2011 08 05 13 05 00 000   -4.84     0.12     2.61  -431.70     19.40    -12.20    2.60     41688.0
 2011 08 05 13 06 00 000   -4.81     0.28     2.61  -432.30     22.30     -2.20    3.34     57916.0
 2011 08 05 13 07 00 000   -4.54    -0.14     2.90  -432.10     21.80     -3.90    3.28     56354.0
 2011 08 05 13 08 00 000   -4.63     0.10     2.61  -431.20     19.80    -11.20    3.06     49740.0
 2011 08 05 13 09 00 000   -4.61     0.02     2.61  -431.00     19.30    -13.20    2.99     47908.0
 2011 08 05 13 10 00 000   -4.78     0.41     2.26  -431.00     19.30    -13.20    2.99     47908.0
 2011 08 05 13 11 00 000   -4.79     0.50     2.36  -432.20     19.10    -13.20    2.79     41975.0
 2011 08 05 13 12 00 000   -4.66     0.42     2.62  -432.20     19.10    -13.20    2.79     41975.0
 2011 08 05 13 13 00 000   -4.71     0.42     2.53  -433.90     17.70    -10.90    2.79     39124.0
 2011 08 05 13 14 00 000   -4.88     0.53     2.29  -433.80     17.70    -11.00    2.78     39078.0
 2011 08 05 13 15 00 000   -4.93     0.78     2.25  -430.80     16.60    -15.30    2.45     36801.0
 2011 08 05 13 16 00 000   -4.79     0.77     2.49  -430.50     16.60    -15.50    2.52     37780.0
 2011 08 05 13 17 00 000   -4.81     0.73     2.47  -430.40     16.60    -15.60    2.56     38298.0
 2011 08 05 13 18 00 000   -4.86     0.86     2.31  -430.20     14.40    -14.70    2.50     38573.0
 2011 08 05 13 19 00 000   -4.74     0.75     2.53  -430.20     14.40    -14.70    2.50     38573.0
 2011 08 05 13 20 00 000   -4.84     0.85     2.34  -430.80     17.60    -15.20    2.69     34906.0
 2011 08 05 13 21 00 000   -4.83     0.75     2.29  -431.20     19.80    -15.50    2.69     36558.0
 2011 08 05 13 22 00 000   -4.76     1.44     1.99  -432.10     25.10    -16.10    2.68     40584.0
 2011 08 05 13 23 00 000   -4.80     1.29     1.94  -432.10     20.50    -19.60    3.23     49685.0
 2011 08 05 13 24 00 000   -4.77     1.39     1.91  -432.10     20.40    -19.70    3.24     49903.0
 2011 08 05 13 25 00 000   -4.63     0.47     2.52  -431.30     18.70    -15.10    2.99     44826.0
 2011 08 05 13 26 00 000   -4.49    -0.45     2.99  -432.40     14.00    -16.20    2.92     40598.0
 2011 08 05 13 27 00 000   -4.58    -0.39     2.86  -434.00      7.40    -17.70    2.84     34645.0
 2011 08 05 13 28 00 000   -4.59    -0.38     2.78  -433.90      5.00    -12.80    2.94     34415.0
 2011 08 05 13 29 00 000   -4.57    -0.10     2.75  -433.10      4.20    -14.20    2.92     34542.0
 2011 08 05 13 30 00 000   -4.42    -0.07     3.01  -431.80      3.10    -16.30    2.89     34731.0
 2011 08 05 13 31 00 000   -4.81    -0.28     2.27  -431.80      3.10    -16.30    2.89     34731.0
 2011 08 05 13 32 00 000   -4.75    -0.34     2.39  -429.10      6.40     -5.80    3.08     39804.0
 2011 08 05 13 33 00 000   -4.78     0.22     2.13  -428.80      4.10     -6.70    3.11     40957.0
 2011 08 05 13 34 00 000   -4.84     0.31     2.15  -427.80     -5.70    -11.80    3.22     44444.0
 2011 08 05 13 35 00 000   -4.85     0.76     1.96  -427.80     -8.10    -13.70    3.17     44119.0
 2011 08 05 13 36 00 000   -4.72     1.20     1.86  -428.00     -7.90    -12.70    3.12     44530.0
 2011 08 05 13 37 00 000   -4.72     1.29     1.83  -430.10     -7.00    -10.50    3.17     39723.0
 2011 08 05 13 38 00 000   -4.45     2.40     1.11  -430.70     -6.80     -9.90    3.18     38389.0
 2011 08 05 13 39 00 000   -3.95     3.13     0.18  -431.10     -4.50    -11.60    3.12     40981.0
 2011 08 05 13 40 00 000   -4.02     3.08     0.38  -431.90     -0.50    -14.40    3.04     45454.0
 2011 08 05 13 41 00 000   -4.18     2.66     0.84  -432.20     -3.00    -13.80    3.09     42563.0
 2011 08 05 13 42 00 000   -4.23     2.63     0.77  -432.70     -6.80    -12.80    3.15     38025.0
 2011 08 05 13 43 00 000   -4.23     2.59     0.77  -432.00     -4.80    -12.30    3.00     38686.0
 2011 08 05 13 44 00 000   -4.02     2.87     0.80  -431.50     -3.30    -11.90    2.89     39186.0
 2011 08 05 13 45 00 000   -4.08     2.71     0.98  -431.10     -2.40    -11.60    2.91     39455.0
 2011 08 05 13 46 00 000   -4.18     2.50     1.21  -429.90      0.50    -10.70    2.98     40334.0
 2011 08 05 13 47 00 000   -4.20     2.42     1.35  -429.90     -0.10    -10.90    2.98     40386.0
 2011 08 05 13 48 00 000   -4.09     2.61     1.36  -429.80     -1.90    -11.40    2.97     40553.0
 2011 08 05 13 49 00 000   -4.29     2.23     1.44  -429.80     -1.80    -11.60    2.96     40261.0
 2011 08 05 13 50 00 000   -3.89     2.56     1.45  -429.30     -1.20    -13.30    2.82     37390.0
 2011 08 05 13 51 00 000   -3.76     2.72     1.34  -429.00     -0.60    -12.80    2.83     37377.0
 2011 08 05 13 52 00 000   -4.02     2.27     1.40  -427.60      2.70    -10.60    2.95     38327.0
 2011 08 05 13 53 00 000   -4.03     2.18     1.51  -427.90      2.70    -12.10    3.08     40603.0
 2011 08 05 13 54 00 000   -3.92     2.22     1.63  -427.60      6.00    -10.50    3.17     43098.0
 2011 08 05 13 55 00 000   -3.95     2.27     1.67  -427.60      6.00    -10.50    3.17     43098.0
 2011 08 05 13 56 00 000   -4.01     2.27     1.53  -427.50      8.00     -8.80    3.08     39495.0
 2011 08 05 13 57 00 000   -4.17     2.06     1.50  -427.40      8.10     -8.90    3.08     39860.0
 2011 08 05 13 58 00 000   -4.15     2.26     1.47  -425.00     12.40    -10.80    2.99     53474.0
 2011 08 05 13 59 00 000   -4.35     1.86     1.46  -423.90     13.50    -10.60    3.06     52014.0
 2011 08 05 14 00 00 000   -4.42     1.70     1.63  -422.70     14.60    -10.30    3.13     50530.0
 2011 08 05 14 01 00 000   -4.62     1.03     1.47  -424.50     14.50     -6.80    3.09     49060.0
 2011 08 05 14 02 00 000   -4.74     0.63     1.46  -426.10     14.40     -3.70    3.05     47737.0
 2011 08 05 14 03 00 000   -4.73     0.44     1.64  -426.30     13.70     -3.60    3.04     47445.0
 2011 08 05 14 04 00 000   -4.73     0.17     1.45  -427.70      6.10     -4.50    3.03     47054.0
 2011 08 05 14 05 00 000   -4.76     0.35     1.11  -427.20      0.40    -10.90    3.45     55092.0
 2011 08 05 14 06 00 000   -4.68    -0.37     1.34  -427.80     11.20     -4.30    3.46     52376.0
 2011 08 05 14 07 00 000   -4.52    -0.35     1.44  -427.80     11.80     -3.90    3.46     52152.0
 2011 08 05 14 08 00 000   -4.23    -0.14     1.81  -429.00      8.10     -2.70    3.62     48267.0
 2011 08 05 14 09 00 000   -4.08    -0.55     1.22  -429.30      7.30     -2.50    3.66     47456.0
 2011 08 05 14 10 00 000   -4.08    -0.32     1.11  -432.50      6.10     -2.00    4.01     46259.0
 2011 08 05 14 11 00 000   -3.95    -0.36     1.71  -430.20      4.70     -3.40    3.83     44062.0
 2011 08 05 14 12 00 000   -4.02     0.09     2.29  -429.00      4.00     -4.20    3.75     42904.0
 2011 08 05 14 13 00 000   -3.81    -0.30     1.51  -430.70      3.40      0.70    4.15     50216.0
 2011 08 05 14 14 00 000   -3.85     0.15     1.44  -430.90      4.10      0.50    4.15     51180.0
 2011 08 05 14 15 00 000   -3.84    -0.05     1.42  -431.70      7.40     -0.60    4.15     56098.0
 2011 08 05 14 16 00 000   -3.85    -0.34     1.32  -432.00      3.50     -1.00    4.00     43478.0
 2011 08 05 14 17 00 000   -3.82    -0.02     1.51  -432.00      3.40     -0.90    4.01     43453.0
 2011 08 05 14 18 00 000   -3.85     0.50     1.06  -431.60      2.60      0.60    4.19     47774.0
 2011 08 05 14 19 00 000   -4.07     0.49     0.89  -431.20      4.50     -0.40    4.10     53797.0
 2011 08 05 14 20 00 000   -4.10     0.27     1.10  -430.80      5.10     -0.10    4.03     51863.0
 2011 08 05 14 21 00 000   -4.10     0.30     1.04  -430.30      6.00      0.40    3.88     44746.0
 2011 08 05 14 22 00 000   -3.93     0.47     1.43  -431.00      6.30     -1.50    3.87     42926.0
 2011 08 05 14 23 00 000   -3.94     0.38     1.27  -429.70      9.10      0.30    3.91     46047.0
 2011 08 05 14 24 00 000   -4.12     0.15     1.04  -430.00      7.50     -0.60    3.91     45367.0
 2011 08 05 14 25 00 000   -4.07    -0.48     1.04  -430.10      4.30     -4.40    3.81     44123.0
 2011 08 05 14 26 00 000   -4.10    -0.53     0.75  -429.70      3.70     -5.80    3.62     41776.0
 2011 08 05 14 27 00 000   -3.88    -0.17     1.44  -429.40      4.40     -4.40    3.54     39309.0
 2011 08 05 14 28 00 000   -4.01    -0.41     1.18  -429.40      4.40     -4.40    3.54     39366.0
 2011 08 05 14 29 00 000   -4.02    -0.61     0.79  -422.70      5.80     -2.80    3.90     75816.0
 2011 08 05 14 30 00 000   -3.91    -0.59     0.85  -423.10      5.70     -2.40    3.93     73532.0
 2011 08 05 14 31 00 000   -3.81    -0.43     0.93  -425.30      5.30      0.10    4.12     59178.0
 2011 08 05 14 32 00 000   -3.78    -0.29     1.10  -425.40      5.20     -1.80    4.09     58353.0
 2011 08 05 14 33 00 000   -3.75    -0.23     1.22  -424.90      5.80     -2.80    4.20     61005.0
 2011 08 05 14 34 00 000   -3.57    -0.23     1.78  -424.30      7.00     -3.30    4.16     55316.0
 2011 08 05 14 35 00 000   -3.51    -0.07     1.88  -424.50      7.10     -3.80    4.22     57133.0
 2011 08 05 14 36 00 000   -3.63    -0.21     1.65  -424.70      7.10     -4.00    4.25     58423.0
 2011 08 05 14 37 00 000   -3.77    -0.15     1.34  -424.40      6.50     -3.90    4.12     60794.0
 2011 08 05 14 38 00 000   -3.91    -0.15     0.98  -422.70      4.40     -7.90    3.83     65051.0
 2011 08 05 14 39 00 000   -3.80    -0.22     1.29  -424.00      3.30     -5.00    3.74     61607.0
 2011 08 05 14 40 00 000   -3.73    -0.35     1.39  -425.90      9.80     -5.70    3.93     57132.0
 2011 08 05 14 41 00 000   -3.57    -0.77     1.57  -425.70      9.50     -5.70    3.96     57721.0
 2011 08 05 14 42 00 000   -3.80    -0.03     1.17  -423.50      5.40     -5.90    4.26     65041.0
 2011 08 05 14 43 00 000   -3.82    -0.21     1.13  -422.40      4.70    -10.80    4.18     63330.0
 2011 08 05 14 44 00 000   -3.72    -0.39     1.34  -421.40      4.70    -14.00    4.18     63619.0
 2011 08 05 14 45 00 000   -3.76    -0.04     1.35  -421.70      6.00    -14.50    4.15     67411.0
 2011 08 05 14 46 00 000   -3.81     0.32     1.31  -421.70      6.00    -14.50    4.15     67411.0
 2011 08 05 14 47 00 000   -3.74     1.06     1.18  -419.70      4.30    -17.10    3.91     60924.0
 2011 08 05 14 48 00 000   -3.52    -0.81     1.56  -419.70      4.30    -17.20    3.91     60796.0
 2011 08 05 14 49 00 000   -3.55    -0.94     1.62  -421.80     10.80    -11.40    3.70     83902.0
 2011 08 05 14 50 00 000   -3.82    -0.52     1.52  -421.80     10.80    -11.40    3.70     83902.0
 2011 08 05 14 51 00 000   -3.82    -0.57     1.52  -421.80     10.80    -11.40    3.70     83902.0
 2011 08 05 14 52 00 000   -3.91    -0.42     1.56  -421.80     10.80    -11.40    3.70     83902.0
 2011 08 05 14 53 00 000   -4.01    -0.28     1.39  -422.80      6.90    -12.20    3.32     64415.0
 2011 08 05 14 54 00 000   -4.01    -0.01     1.34  -422.40      6.70    -12.50    3.34     65560.0
 2011 08 05 14 55 00 000   -4.01     0.19     1.39  -418.00      5.00    -15.60    3.58     78582.0
 2011 08 05 14 56 00 000   -4.04     0.27     1.41  -418.20      5.00    -15.50    3.58     78127.0
 2011 08 05 14 57 00 000   -4.02     0.49     1.38  -421.30      5.60    -14.20    3.38     68750.0
 2011 08 05 14 58 00 000   -4.00     0.66     1.05  -423.30      8.50    -12.30    3.47     61702.0
 2011 08 05 14 59 00 000   -3.93     0.23     1.29  -425.90     12.30     -9.90    3.58     52650.0
 2011 08 05 15 00 00 000   -3.88     0.54     1.16  -422.80      8.60    -12.00    3.56     59170.0
 2011 08 05 15 01 00 000   -3.70     0.10     1.15  -413.90      2.30    -18.10    3.66     68510.0
 2011 08 05 15 02 00 000   -3.76    -0.34     1.08  -412.30      3.50    -19.20    3.78     64760.0
 2011 08 05 15 03 00 000   -3.45    -1.20     0.89  -412.30      3.50    -19.20    3.78     64760.0
 2011 08 05 15 04 00 000   -3.54    -0.69     0.72  -407.30      0.90    -16.60    3.62     51514.0
 2011 08 05 15 05 00 000   -2.49    -2.12     1.06  -407.30      0.90    -16.60    3.62     51514.0
 2011 08 05 15 06 00 000   -1.45    -3.21     0.82  -408.10     10.80    -15.30    3.74     67249.0
 2011 08 05 15 07 00 000   -0.92    -3.44     0.80  -408.50     15.40    -14.70    3.80     74622.0
 2011 08 05 15 09 00 000   -1.32    -3.33     0.75  -405.40     10.80    -17.40    3.88     76718.0
 2011 08 05 15 10 00 000   -0.92    -3.50     0.75  -405.40     10.80    -17.40    3.88     76718.0
 2011 08 05 15 11 00 000   -0.73    -3.53     0.83  -405.40     10.80    -17.40    3.88     76718.0
 2011 08 05 15 12 00 000   -0.54    -3.54     0.81  -405.40     10.80    -17.40    3.88     76718.0
 2011 08 05 15 13 00 000   -0.60    -3.60     0.51  -398.00     10.80    -17.50    3.72     69856.0
 2011 08 05 15 14 00 000   -0.11    -3.69     0.13  -398.00     10.80    -17.60    3.72     69949.0
 2011 08 05 15 15 00 000   -0.12    -3.71     0.14  -397.20      8.90    -23.60    3.78     75218.0
 2011 08 05 15 16 00 000   -0.19    -3.77     0.04  -397.20      8.90    -23.60    3.78     75218.0
 2011 08 05 15 17 00 000   -0.33    -3.69     0.10  -397.20      8.90    -23.60    3.78     75218.0
 2011 08 05 15 18 00 000   -0.20    -3.70     0.13  -397.20      8.90    -23.60    3.78     75218.0
 2011 08 05 15 19 00 000    0.08    -3.77    -0.05  -395.10      6.50    -20.20    3.58     81442.0
 2011 08 05 15 20 00 000   -0.22    -3.82    -0.08  -395.10      6.50    -20.20    3.58     81442.0
 2011 08 05 15 22 00 000   -0.28    -3.85    -0.57  -395.10      6.50    -20.20    3.58     81442.0
 2011 08 05 15 24 00 000    0.39    -3.81    -0.59  -395.10      6.50    -20.20    3.58     81442.0
 2011 08 05 15 25 00 000    0.62    -3.85    -0.84  -394.60      5.20    -23.80    3.13     63871.0
 2011 08 05 15 26 00 000    0.36    -3.78    -1.04  -395.40      4.60    -24.20    3.15     71555.0
 2011 08 05 15 27 00 000    0.48    -3.69    -0.98  -396.00      8.70    -24.20    3.44     91556.0
 2011 08 05 15 28 00 000    0.71    -3.29    -1.06  -395.80     10.40    -24.70    3.39     94357.0
 2011 08 05 15 29 00 000    1.02    -3.51    -0.59  -395.80     10.40    -24.70    3.39     94357.0
 2011 08 05 15 30 00 000    1.10    -3.51    -0.77  -395.80     10.40    -24.70    3.39     94357.0
 2011 08 05 15 31 00 000    1.03    -3.52    -0.84  -389.60      4.50    -28.80    3.11     74962.0
 2011 08 05 15 32 00 000    0.87    -3.42    -0.81  -389.60      4.50    -28.80    3.11     74962.0
 2011 08 05 15 33 00 000    1.17    -3.16    -1.12  -389.60      4.50    -28.80    3.11     74962.0
 2011 08 05 15 34 00 000    1.26    -2.86    -1.42  -389.60      4.50    -28.80    3.11     74962.0
 2011 08 05 15 35 00 000    1.57    -2.06    -1.48  -389.60      4.50    -28.80    3.11     74962.0
 2011 08 05 15 36 00 000    1.43    -2.26    -1.34  -389.60      4.50    -28.80    3.11     74962.0
 2011 08 05 15 37 00 000    1.43    -2.48    -1.21  -390.90     13.60    -29.90    3.65     69732.0
 2011 08 05 15 38 00 000    1.29    -2.36    -1.35  -390.90     13.60    -29.90    3.65     69732.0
 2011 08 05 15 39 00 000    1.39    -2.27    -1.47  -390.90     13.60    -29.90    3.65     69732.0
 2011 08 05 15 40 00 000    1.61    -2.02    -1.53  -390.90     13.60    -29.90    3.65     69732.0
 2011 08 05 15 41 00 000    1.25    -2.30    -1.26  -390.90     13.60    -29.90    3.65     69732.0
 2011 08 05 15 42 00 000    0.92    -2.62    -0.96  -390.90     13.60    -29.90    3.65     69732.0
 2011 08 05 15 43 00 000    1.01    -2.56    -0.82  -393.80     10.90    -24.30    3.40     52614.0
 2011 08 05 15 44 00 000    1.06    -2.45    -0.95  -393.80     10.90    -24.30    3.40     52614.0
 2011 08 05 15 45 00 000    1.29    -2.45    -0.83  -393.30     10.90    -22.90    3.48     55800.0
 2011 08 05 15 46 00 000    1.24    -2.53    -0.77  -392.20     11.00    -19.90    3.65     62612.0
 2011 08 05 15 47 00 000    1.31    -2.52    -0.80  -392.20     11.00    -19.90    3.65     62612.0
 2011 08 05 15 48 00 000    1.41    -2.35    -0.66  -390.40      6.20    -16.60    4.01     60031.0
 2011 08 05 15 49 00 000    1.64    -2.12    -0.03  -390.30      6.60    -13.10    3.94     63333.0
 2011 08 05 15 50 00 000    2.31    -2.61     0.18  -390.00      7.20     -7.10    3.83     69068.0
 2011 08 05 15 51 00 000    2.41    -2.73    -0.14  -385.60      2.80    -15.20    3.25     71095.0
 2011 08 05 15 52 00 000    2.48    -2.62    -0.25  -385.70      3.20    -15.50    3.25     71239.0
 2011 08 05 15 53 00 000    2.35    -2.40    -0.15  -386.50      5.40    -17.50    3.22     72037.0
 2011 08 05 15 54 00 000    2.45    -2.23    -0.29  -383.90      4.80    -14.00    3.42     68205.0
 2011 08 05 15 55 00 000    2.53    -2.32    -0.35  -386.50      1.90    -19.60    3.34     69305.0
 2011 08 05 15 56 00 000    2.42    -1.96    -0.62  -390.00      5.20    -19.30    3.37     67774.0
 2011 08 05 15 57 00 000    2.69    -1.93    -0.47  -388.70      1.50    -16.30    3.62     68194.0
 2011 08 05 15 58 00 000    2.53    -1.71    -0.48  -390.10      1.00    -16.00    3.61     66846.0
 2011 08 05 15 59 00 000    2.30    -1.71    -0.48  -393.10      2.60    -16.80    3.61     64158.0
 2011 08 05 16 00 00 000    2.18    -1.83    -0.60  -393.00      4.20    -19.00    3.50     65366.0
 2011 08 05 16 01 00 000    2.17    -1.94    -0.69  -392.60      4.50    -18.80    3.56     66075.0
 2011 08 05 16 02 00 000    1.98    -1.74    -0.58  -392.70      5.00    -19.10    3.63     65629.0
 2011 08 05 16 03 00 000    1.86    -2.04    -0.67  -393.70      6.60    -20.80    3.99     64974.0
 2011 08 05 16 04 00 000    1.88    -1.91    -0.53  -393.90      4.10    -18.80    4.03     74923.0
 2011 08 05 16 05 00 000    1.73    -1.79    -0.27  -393.10      7.40    -17.20    4.21     71311.0
 2011 08 05 16 06 00 000    1.84    -1.69    -0.38  -392.60      3.30    -15.20    4.46     69220.0
 2011 08 05 16 07 00 000    1.85    -1.70    -0.68  -392.90      2.20    -16.70    4.51     64594.0
 2011 08 05 16 08 00 000    1.67    -1.68    -0.63  -395.60     10.00    -30.00    3.91     49660.0
 2011 08 05 16 09 00 000    2.15    -2.23    -0.29  -395.60     10.00    -30.00    3.91     49660.0
 2011 08 05 16 10 00 000    2.26    -2.14    -0.01  -394.20     10.90    -26.40    3.73     58554.0
 2011 08 05 16 11 00 000    2.23    -2.56    -0.91  -393.80      8.80    -27.60    3.52     63969.0
 2011 08 05 16 12 00 000    2.61    -2.81    -0.19  -393.00      4.90    -29.70    3.13     73816.0
 2011 08 05 16 13 00 000    2.83    -2.54     0.64  -392.00      5.80    -17.50    2.71     44289.0
 2011 08 05 16 14 00 000    2.87    -2.85     0.54  -391.50      5.30    -11.90    2.99     56191.0
 2011 08 05 16 15 00 000    2.81    -3.07     0.33  -391.00      4.80     -6.20    3.30     69691.0
 2011 08 05 16 16 00 000    2.85    -2.93     0.86  -392.60      9.60    -10.80    2.75     42038.0
 2011 08 05 16 17 00 000    2.67    -3.03     0.46  -393.90      8.30    -10.50    2.77     43899.0
 2011 08 05 16 18 00 000    2.77    -2.93     0.34  -396.80      5.10     -9.80    2.81     48249.0
 2011 08 05 16 19 00 000    2.73    -2.94     0.12  -396.80      5.10     -9.80    2.81     48249.0
 2011 08 05 16 20 00 000    1.62    -2.23     0.38  -392.90      6.20    -12.90    3.02     69159.0
 2011 08 05 16 21 00 000    1.27    -1.71    -0.01  -392.20      2.50    -15.30    3.36     70704.0
 2011 08 05 16 22 00 000    1.33    -2.19     0.13  -390.60     -5.50    -20.40    4.09     73986.0
 2011 08 05 16 23 00 000    1.60    -2.17     0.09  -390.60     -5.50    -20.40    4.09     73986.0
 2011 08 05 16 24 00 000    1.49    -2.26     0.17  -389.00     -1.10    -12.20    3.69     56872.0
 2011 08 05 16 25 00 000    1.52    -2.44     0.34  -390.10     -2.70    -12.00    3.68     58250.0
 2011 08 05 16 26 00 000    1.96    -2.42     0.16  -393.30     -7.20    -11.40    3.65     62262.0
 2011 08 05 16 27 00 000    1.82    -2.26     0.13  -393.30     -7.20    -11.40    3.65     62262.0
 2011 08 05 16 28 00 000    1.60    -2.04    -0.05  -390.60      0.50    -16.60    3.74     62651.0
 2011 08 05 16 29 00 000    1.85    -2.31    -0.02  -390.60      0.50    -16.60    3.74     62651.0
 2011 08 05 16 30 00 000    1.59    -2.00    -0.35  -390.60      0.50    -16.60    3.74     62651.0
 2011 08 05 16 31 00 000    1.80    -2.11    -0.23  -388.80     -1.30    -21.60    3.73     59233.0
 2011 08 05 16 32 00 000    1.89    -2.07    -0.29  -388.80     -1.30    -21.60    3.73     59233.0
 2011 08 05 16 33 00 000    1.63    -1.94    -0.39  -391.10      0.10    -19.50    3.82     62223.0
 2011 08 05 16 34 00 000    1.46    -1.93     0.01  -391.10      0.10    -19.50    3.82     62223.0
 2011 08 05 16 35 00 000    1.20    -1.78     0.54  -391.20     -0.30     -9.90    4.14     55099.0
 2011 08 05 16 36 00 000    1.17    -1.84     0.59  -391.20     -0.30     -9.90    4.14     55069.0
 2011 08 05 16 37 00 000    1.13    -1.63     0.41  -390.30      2.70     -6.90    4.36     54777.0
 2011 08 05 16 38 00 000    1.25    -1.33     0.41  -390.30      2.70     -6.90    4.36     54777.0
 2011 08 05 16 39 00 000    1.53    -1.53     0.49  -390.30      2.70     -6.90    4.36     54777.0
 2011 08 05 16 40 00 000    1.68    -2.97    -0.08  -387.70      5.30     -2.90    4.07     61154.0
 2011 08 05 16 41 00 000    1.80    -3.54    -0.40  -391.10      3.20    -14.00    3.52     62505.0
 2011 08 05 16 42 00 000    1.88    -3.64    -0.42  -394.20      1.20    -24.20    3.02     63746.0
 2011 08 05 16 43 00 000    1.99    -3.56    -0.44  -391.20      6.30    -18.20    2.58     39217.0
 2011 08 05 16 44 00 000    2.14    -3.45    -0.25  -391.20      6.30    -18.20    2.58     39217.0
 2011 08 05 16 45 00 000    1.92    -3.57    -0.23  -391.20      6.30    -18.20    2.58     39217.0
 2011 08 05 16 46 00 000    2.07    -3.58    -0.18  -390.10      5.00    -12.50    2.55     41752.0
 2011 08 05 16 47 00 000    2.10    -3.53    -0.37  -390.10      5.20    -12.50    2.55     41820.0
 2011 08 05 16 48 00 000    2.20    -3.50    -0.12  -390.70      9.10    -11.80    2.62     43616.0
 2011 08 05 16 49 00 000    2.24    -3.51     0.00  -391.30      8.10    -13.10    2.66     44436.0
 2011 08 05 16 50 00 000    2.29    -3.51     0.02  -390.80      2.00    -10.60    2.70     45686.0
 2011 08 05 16 51 00 000    2.15    -3.50    -0.08  -389.40      1.30     -7.00    2.63     44622.0
 2011 08 05 16 52 00 000    1.99    -3.57    -0.15  -393.80      7.00    -13.60    2.91     55912.0
 2011 08 05 16 53 00 000    2.16    -3.58    -0.06  -393.80      7.00    -13.50    2.91     55650.0
 2011 08 05 16 54 00 000    2.32    -3.45     0.13  -392.80      7.10    -11.60    2.85     49111.0
 2011 08 05 16 55 00 000    2.14    -3.51     0.34  -391.10      7.40     -7.50    2.82     52032.0
 2011 08 05 16 56 00 000    2.10    -3.46     0.09  -390.70      7.60     -6.70    2.81     52632.0
 2011 08 05 16 57 00 000    1.99    -3.38     0.11  -389.70      9.00     -4.50    2.85     56262.0
 2011 08 05 16 58 00 000    1.75    -3.32    -0.07  -391.10      4.20     -6.70    2.98     60612.0
 2011 08 05 16 59 00 000    1.61    -3.46    -0.22  -391.80      9.70     -4.00    2.95     47909.0
 2011 08 05 17 00 00 000    1.83    -3.41    -0.20  -391.80      9.80     -4.00    2.95     47737.0
 2011 08 05 17 01 00 000    1.79    -3.53    -0.02  -389.90     12.00    -10.20    3.29     48645.0
 2011 08 05 17 02 00 000    1.85    -3.60     0.10  -392.00     10.40     -8.50    3.19     49595.0
 2011 08 05 17 03 00 000    1.76    -3.64    -0.09  -394.00      8.90     -7.00    3.09     50374.0
 2011 08 05 17 04 00 000    1.55    -3.56    -0.02  -392.10     10.20    -12.50    2.65     38879.0
 2011 08 05 17 05 00 000    1.88    -3.37    -0.21  -391.10     10.10    -10.60    2.96     42632.0
 2011 08 05 17 06 00 000    2.02    -3.25     0.14  -390.50     10.00     -9.40    3.13     44494.0
 2011 08 05 17 07 00 000    1.64    -3.51    -0.01  -390.40      9.50     -9.20    3.06     42286.0
 2011 08 05 17 08 00 000    1.61    -3.54    -0.05  -390.20     10.00     -5.20    3.27     51848.0
 2011 08 05 17 09 00 000    1.93    -3.28    -0.17  -391.20     12.70     -4.50    3.23     51000.0
 2011 08 05 17 10 00 000    2.13    -3.10     0.14  -395.30     15.20     -4.80    3.15     48294.0
 2011 08 05 17 11 00 000    2.38    -2.90     0.09  -400.90     14.10    -12.40    3.21     54927.0
 2011 08 05 17 12 00 000    2.52    -2.82     0.22  -400.80     13.40    -11.10    3.06     47076.0
 2011 08 05 17 13 00 000    2.71    -2.62     0.27  -400.10     13.10     -8.90    2.93     40075.0
 2011 08 05 17 14 00 000    2.71    -2.69     0.21  -400.60     13.70    -10.60    2.91     42724.0
 2011 08 05 17 15 00 000    2.82    -2.48     0.34  -399.60     11.90    -15.60    2.86     37719.0
 2011 08 05 17 16 00 000    2.05    -3.07    -0.27  -399.40     12.00    -15.50    2.89     37796.0
 2011 08 05 17 17 00 000    2.30    -2.94     0.21  -396.20     14.40    -11.60    3.26     42302.0
 2011 08 05 17 18 00 000    2.29    -2.94     0.09  -398.10     14.40    -10.80    3.18     45595.0
 2011 08 05 17 19 00 000    2.53    -2.69     0.19  -399.10     11.90    -10.80    3.29     40040.0
 2011 08 05 17 20 00 000    2.11    -2.65     0.40  -398.70      4.10     -9.60    3.32     41293.0
 2011 08 05 17 21 00 000    1.31    -3.16    -0.06  -395.80      3.70    -10.30    3.56     42058.0
 2011 08 05 17 22 00 000    1.49    -3.16     0.18  -392.60      4.10    -11.30    3.84     42711.0
 2011 08 05 17 23 00 000    1.53    -3.07     0.23  -391.40      5.60    -11.90    4.04     36477.0
 2011 08 05 17 24 00 000    1.56    -3.12     0.02  -392.30      3.00    -15.40    4.14     42974.0
 2011 08 05 17 25 00 000    1.54    -3.18     0.09  -391.80      2.10    -14.70    3.82     40415.0
 2011 08 05 17 26 00 000    1.90    -3.12     0.17  -392.30      1.30    -15.70    3.65     37269.0
 2011 08 05 17 27 00 000    1.91    -3.13     0.46  -395.90     -0.30    -16.80    3.82     37120.0
 2011 08 05 17 28 00 000    1.98    -3.04     0.55  -396.20     -0.40    -16.60    3.83     37090.0
 2011 08 05 17 29 00 000    1.74    -3.12     0.71  -396.20     -0.40    -16.60    3.83     37090.0
 2011 08 05 17 30 00 000    1.83    -3.08     0.67  -396.20     -0.40    -16.60    3.83     37090.0
 2011 08 05 17 32 00 000    2.19    -2.88     0.67  -394.00      2.20    -14.70    3.82     39587.0
 2011 08 05 17 33 00 000    2.05    -2.92     0.58  -394.00      2.20    -14.70    3.83     39549.0
 2011 08 05 17 34 00 000    2.10    -2.98     0.45  -394.20     -0.30    -16.00    4.03     37789.0
 2011 08 05 17 35 00 000    2.03    -2.99     0.82  -395.70     -2.10    -18.30    3.97     37425.0
 2011 08 05 17 36 00 000    2.00    -2.96     0.51  -394.90     -3.20    -13.40    3.56     39354.0
 2011 08 05 17 37 00 000    2.22    -2.90     0.61  -395.00     -2.30    -16.00    3.68     37444.0
 2011 08 05 17 38 00 000    2.12    -3.01     0.75  -397.30     -2.90    -14.70    3.97     38273.0
 2011 08 05 17 39 00 000    2.31    -2.90     0.99  -397.90     -3.30    -13.30    4.02     39121.0
 2011 08 05 17 40 00 000    2.22    -2.77     0.52  -398.30     -2.30    -12.30    4.18     39166.0
 2011 08 05 17 41 00 000    1.89    -2.84     0.29  -401.20     -1.40    -15.20    4.30     40394.0
 2011 08 05 17 42 00 000    2.08    -2.64     0.34  -400.80      1.00    -19.40    4.46     45940.0
 2011 08 05 17 43 00 000    2.22    -2.80     0.18  -401.00      0.80    -18.50    4.46     46415.0
 2011 08 05 17 44 00 000    2.37    -2.70     0.16  -402.20     -3.50    -17.90    4.59     47234.0
 2011 08 05 17 45 00 000    2.27    -2.68     0.14  -402.40     -3.50    -19.20    4.62     47885.0
 2011 08 05 17 46 00 000    2.05    -2.93     0.14  -404.00     -4.90    -16.90    5.22     60091.0
 2011 08 05 17 47 00 000    1.73    -3.13     0.22  -407.20     -5.00    -18.30    5.16     51840.0
 2011 08 05 17 48 00 000    1.61    -3.39    -0.09  -411.10     -6.40    -16.90    4.93     50058.0
 2011 08 05 17 49 00 000    1.87    -4.62    -0.23  -413.50     -5.20    -17.30    5.10     53736.0
 2011 08 05 17 50 00 000    1.43    -3.51    -0.16  -416.00     -5.10    -17.20    4.92     50139.0
 2011 08 05 17 51 00 000    1.36    -3.39    -0.05  -417.30    -10.20    -17.70    6.25     48864.0
 2011 08 05 17 52 00 000    3.51    -8.37    -0.03  -464.30     -8.10   -112.50   13.58    113912.0
 2011 08 05 17 53 00 000    3.24    -7.23    -0.35  -455.20     -7.90    -92.70   11.90    100366.0
 2011 08 05 17 54 00 000    3.06    -6.05    -0.78  -415.90     -5.50    -20.00    6.34     50974.0
 2011 08 05 17 55 00 000    1.80    -4.31    -0.35  -411.60     -9.20    -22.00    5.82     39711.0
 2011 08 05 17 56 00 000    1.92    -6.99    -0.12  -413.10     -9.00    -24.00    5.98     40707.0
 2011 08 05 17 57 00 000    1.10    -7.86     0.42  -453.70     -4.40    -79.10   10.10     67550.0
 2011 08 05 17 58 00 000    1.59    -6.59    -0.15  -447.10     -6.10    -72.20    9.48     94863.0
 2011 08 05 17 59 00 000    2.33    -8.14    -0.41  -441.00     -7.00    -60.80    8.65     86947.0
 2011 08 05 18 00 00 000    3.16    -8.94    -0.84  -424.50     -6.10    -38.50    7.33     55885.0
 2011 08 05 18 01 00 000    2.55    -8.38    -0.41  -461.10     -3.20    -89.20   12.11     90667.0
 2011 08 05 18 02 00 000    2.15    -5.51    -0.30  -434.00     -5.90    -49.90    6.72     54806.0
 2011 08 05 18 03 00 000    2.73    -5.93    -1.03  -437.90     -7.40    -55.30    7.38     60464.0
 2011 08 05 18 04 00 000    2.92    -6.16    -0.63  -456.40     -5.30    -83.60   10.71     98800.0
 2011 08 05 18 05 00 000    4.10    -8.70    -1.27  -454.10      5.20   -119.90   15.24    146777.0
 2011 08 05 18 06 00 000    3.45    -9.43    -0.81  -459.00      0.20   -108.40   13.24    162960.0
 2011 08 05 18 07 00 000    4.36    -8.05    -0.96  -459.50     -3.00   -109.30   13.37    155538.0
 2011 08 05 18 08 00 000    5.37    -6.08    -1.36  -461.50    -16.10   -113.40   13.93    125085.0
 2011 08 05 18 09 00 000    7.57    -2.94    -1.87  -461.50    -16.10   -113.40   13.93    125085.0
 2011 08 05 18 10 00 000    7.25    -3.57    -2.03  -461.50    -16.10   -113.40   13.93    125085.0
 2011 08 05 18 11 00 000    7.18    -3.24    -2.40  -461.50    -16.10   -113.40   13.93    125085.0
 2011 08 05 18 12 00 000    6.60    -3.33    -2.25  -461.50    -16.10   -113.40   13.93    125085.0
 2011 08 05 18 13 00 000    7.13    -3.52    -1.75  -451.10     13.30   -102.00   18.87    172519.0
 2011 08 05 18 14 00 000    5.22    -1.92     0.76  -451.10     13.30   -102.00   18.87    172519.0
 2011 08 05 18 15 00 000    5.52    -0.97     0.74  -451.10     13.30   -102.00   18.87    172519.0
 2011 08 05 18 16 00 000    6.15    -1.59     1.34  -451.10     13.30   -102.00   18.87    172519.0
 2011 08 05 18 17 00 000    4.92     0.50     3.19  -451.10     13.30   -102.00   18.87    172519.0
 2011 08 05 18 18 00 000    5.59     1.21     1.89  -451.10     13.30   -102.00   18.87    172519.0
 2011 08 05 18 19 00 000    5.30     2.02     1.94  -451.10     13.30   -102.00   18.87    172519.0
 2011 08 05 18 20 00 000    4.92     1.02     0.48  -451.10     13.30   -102.00   18.87    172519.0
 2011 08 05 18 21 00 000    3.54    -3.01    -1.18  -456.00     11.90   -106.50   19.92    174658.0
 2011 08 05 18 22 00 000    2.19    -2.89    -0.38  -456.00     11.90   -106.50   19.92    174658.0
 2011 08 05 18 23 00 000    2.42    -2.26    -0.83  -456.00     11.90   -106.50   19.92    174658.0
 2011 08 05 18 24 00 000    1.69    -3.48    -0.51  -456.00     11.90   -106.50   19.92    174658.0
 2011 08 05 18 25 00 000    1.76    -2.12    -0.52  -455.90    -15.40   -103.00   20.26    153985.0
 2011 08 05 18 26 00 000    1.11    -1.43    -0.08  -455.90    -15.40   -103.00   20.26    153985.0
 2011 08 05 18 27 00 000    0.50    -3.20    -0.23  -455.90    -15.40   -103.00   20.26    153985.0
 2011 08 05 18 28 00 000    1.48    -3.23     0.04  -455.90    -15.40   -103.00   20.26    153985.0
 2011 08 05 18 29 00 000    2.29    -2.48     0.29  -455.80    -14.10   -100.40   20.03    142429.0
 2011 08 05 18 30 00 000    2.17    -2.36     0.22  -455.80    -14.10   -100.40   20.03    142429.0
 2011 08 05 18 31 00 000    1.61    -2.43     0.30  -455.80    -14.10   -100.40   20.03    142429.0
 2011 08 05 18 32 00 000    0.34    -1.34     0.21  -455.80    -14.10   -100.40   20.03    142429.0
 2011 08 05 18 33 00 000    1.19     0.41    -0.75  -452.20    -17.20    -94.80   19.54    137367.0
 2011 08 05 18 34 00 000    1.80    -1.88    -2.30  -452.20    -17.20    -94.80   19.54    137367.0
 2011 08 05 18 35 00 000    2.15    -7.78    -0.52  -444.40    -13.80   -106.40   15.43    128854.0
 2011 08 05 18 36 00 000    2.57    -7.89    -0.28  -444.40    -13.80   -106.40   15.43    128854.0
 2011 08 05 18 37 00 000    2.19    -7.62     0.01  -444.40    -13.80   -106.40   15.43    128854.0
 2011 08 05 18 38 00 000    1.79    -8.58    -2.52  -452.30      0.50    -99.70   14.44    136791.0
 2011 08 05 18 39 00 000    2.20    -8.34    -2.22  -452.30      0.50    -99.70   14.44    136791.0
 2011 08 05 18 40 00 000    2.58    -8.21    -2.70  -452.30      0.50   -100.00   14.46    135170.0
 2011 08 05 18 41 00 000    3.37    -8.03    -2.87  -452.80      1.20   -104.10   14.69    112786.0
 2011 08 05 18 42 00 000    3.20    -7.10    -3.60  -456.00      4.90   -101.70   14.54    122528.0
 2011 08 05 18 43 00 000    2.13    -7.92    -0.25  -456.20     -9.70    -96.20   18.08    166863.0
 2011 08 05 18 44 00 000    3.23    -7.63    -1.90  -456.20    -10.00    -97.10   18.35    166519.0
 2011 08 05 18 45 00 000    5.11    -6.19    -5.43  -458.40      0.80   -107.10   18.47    129780.0
 2011 08 05 18 46 00 000    5.59    -7.41    -6.27  -464.80     13.00   -100.00   16.92    107992.0
 2011 08 05 18 47 00 000    6.17    -7.91    -6.12  -466.80      7.40    -98.70   12.02    112125.0
 2011 08 05 18 48 00 000    7.90    -6.20    -7.91  -467.50     15.90   -106.30   12.23    122406.0
 2011 08 05 18 49 00 000    8.46    -4.61    -8.14  -467.70     17.90   -107.90   12.27    124912.0
 2011 08 05 18 50 00 000    8.12    -6.06    -8.37  -466.20     28.00   -100.00   12.30    147343.0
 2011 08 05 18 51 00 000    8.41    -4.26    -8.47  -469.60     23.30   -101.10   11.89    112460.0
 2011 08 05 18 52 00 000    9.31    -2.56    -9.39  -470.80     33.10    -99.30   11.67    103245.0
 2011 08 05 18 53 00 000    8.96    -4.03    -9.84  -471.10     40.50    -98.00   11.58    102496.0
 2011 08 05 18 54 00 000   10.29    -3.53   -10.15  -471.50     43.00    -99.20   11.04    130423.0
 2011 08 05 18 55 00 000   10.35    -4.09    -9.79  -471.50     43.00    -99.20   11.04    130423.0
 2011 08 05 18 56 00 000    8.84    -3.64    -8.24  -471.50     43.00    -99.20   11.04    130423.0
 2011 08 05 18 57 00 000    7.83    -4.51    -8.05  -471.50     43.00    -99.20   11.04    130423.0
 2011 08 05 18 58 00 000    8.92     0.91    -8.54  -493.00     39.00    -69.10   14.54    144668.0
 2011 08 05 18 59 00 000    8.46     2.37    -8.55  -492.20     36.80    -70.60   14.26    131798.0
 2011 08 05 19 00 00 000    8.38     1.60    -8.12  -491.60     35.10    -71.80   14.04    121902.0
 2011 08 05 19 01 00 000    7.19     5.08    -7.38  -489.50     40.00    -77.60   15.26    115801.0
 2011 08 05 19 02 00 000    6.84     5.46    -6.59  -489.50     40.00    -77.60   15.26    115801.0
 2011 08 05 19 03 00 000    8.88     3.64    -7.28  -482.20     28.60    -85.20   19.44    165295.0
 2011 08 05 19 04 00 000    8.42     3.67    -7.69  -493.10     36.80    -77.90   17.79    160414.0
 2011 08 05 19 05 00 000    9.21     3.42    -8.07  -502.00     43.50    -71.90   16.44    156415.0
 2011 08 05 19 06 00 000    9.31     3.34    -7.69  -497.00     38.10    -67.00   16.34    202611.0
 2011 08 05 19 07 00 000    9.89    13.00    -7.44  -502.10     35.30    -66.30   18.93    187420.0
 2011 08 05 19 08 00 000   12.30    16.89    -9.49  -543.70     28.40    -92.80   31.92    221432.0
 2011 08 05 19 09 00 000    7.53    19.01    -6.30  -552.10     27.60    -92.90   33.86    249222.0
 2011 08 05 19 10 00 000    0.86    19.39    -1.02  -576.40     24.20   -118.00   37.19    336106.0
 2011 08 05 19 11 00 000   -4.15    25.76     2.53  -538.20     25.40    -98.00   22.50    252156.0
 2011 08 05 19 12 00 000   -0.41    20.90    -0.00  -515.20     27.10    -58.10   24.15    153818.0
 2011 08 05 19 13 00 000   -7.17    32.21     4.30  -562.30    -15.70   -117.40   18.42    357608.0
 2011 08 05 19 14 00 000   -5.12    32.13     3.35  -576.20    -12.30   -121.00   18.10    411149.0
 2011 08 05 19 15 00 000   -3.49    31.20     2.59  -592.40     13.90   -101.40   19.32    390476.0
 2011 08 05 19 16 00 000   -1.58    30.07     2.22  -600.80     26.30    -87.10   19.40    315916.0
 2011 08 05 19 17 00 000   -1.60    30.55     2.84  -600.80     26.30    -87.10   19.40    315916.0
 2011 08 05 19 18 00 000   -0.10    31.42    -0.18  -605.10     21.20    -67.80   22.24    297467.0
 2011 08 05 19 19 00 000   -0.05    31.18     2.02  -605.10     21.20    -67.80   22.24    297467.0
 2011 08 05 19 20 00 000    0.77    30.84     0.34  -604.30     24.90    -79.90   22.33    311197.0
 2011 08 05 19 21 00 000    7.20    27.58    -4.06  -599.30     20.30    -82.10   22.10    302892.0
 2011 08 05 19 22 00 000    4.14    28.44    -2.72  -582.90      3.80    -89.60   21.32    274382.0
 2011 08 05 19 23 00 000    6.55    28.98    -5.31  -598.70     12.60    -88.50   21.03    338436.0
 2011 08 05 19 24 00 000   10.63    28.82    -9.17  -589.20      7.40    -94.70   19.60    340898.0
 2011 08 05 19 25 00 000   11.85    27.25   -10.60  -590.60      4.90    -91.60   19.01    327993.0
 2011 08 05 19 26 00 000   10.29    25.80    -4.46  -588.40     18.00    -86.10   21.65    270046.0
 2011 08 05 19 27 00 000   17.55    21.02   -11.20  -588.40     19.40    -88.30   21.53    273236.0
 2011 08 05 19 28 00 000   15.28    24.73    -9.45  -588.70     35.70   -114.00   20.08    309810.0
 2011 08 05 19 29 00 000   16.75    24.89   -10.39  -578.60     14.00    -84.30   14.40    272254.0
 2011 08 05 19 30 00 000   16.87    21.04    -9.68  -579.40     15.50    -83.10   14.68    256521.0
 2011 08 05 19 31 00 000   16.56    20.74    -9.42  -584.60     26.20    -91.70   17.28    240658.0
 2011 08 05 19 32 00 000   15.68    22.08    -7.73  -584.60     26.20    -91.70   17.28    240658.0
 2011 08 05 19 33 00 000   14.31    23.75    -5.82  -584.60     26.20    -91.70   17.28    240658.0
 2011 08 05 19 34 00 000   14.06    23.95    -5.39  -584.60     26.20    -91.70   17.28    240658.0
 2011 08 05 19 35 00 000   14.18    23.94    -4.55  -591.20     32.00    -78.80   20.58    260195.0
 2011 08 05 19 36 00 000   16.24    22.27    -8.77  -591.20     32.00    -78.80   20.58    260195.0
 2011 08 05 19 37 00 000   14.62    22.95    -9.39  -609.60     49.40    -94.80   20.85    239279.0
 2011 08 05 19 38 00 000   13.76    22.86    -7.45  -599.20     48.10    -86.70   16.39    249578.0
 2011 08 05 19 39 00 000   15.24    18.59   -10.39  -594.70     47.50    -83.30   14.50    253964.0
 2011 08 05 19 40 00 000   13.69    28.32    -8.80  -594.70     47.50    -83.30   14.50    253964.0
 2011 08 05 19 41 00 000   10.86    24.06    -6.11  -639.70     44.10    -84.40   28.00    187633.0
 2011 08 05 19 42 00 000   12.51    21.41    -6.06  -639.70     44.10    -84.40   28.00    187633.0
 2011 08 05 19 43 00 000   12.07    21.43    -5.57  -630.20     22.30    -87.90   31.75    214473.0
 2011 08 05 19 44 00 000   12.79    20.81    -5.61  -630.00     23.00    -88.10   31.86    214497.0
 2011 08 05 19 45 00 000    7.69    23.58    -1.47  -621.80     57.30   -100.50   37.54    216516.0
 2011 08 05 19 46 00 000    4.47    26.72     0.40  -616.00     37.00    -98.00   33.52    247820.0
 2011 08 05 19 47 00 000    2.75    27.97     0.19  -615.10     33.80    -97.60   32.88    252789.0
 2011 08 05 19 48 00 000    1.36    28.23     0.94  -615.10     33.80    -97.60   32.88    252789.0
 2011 08 05 19 49 00 000    0.87    31.28     1.75  -605.20     14.70   -103.80   20.62    256794.0
 2011 08 05 19 50 00 000    1.88    32.31     1.07  -605.20     14.70   -103.80   20.62    256794.0
 2011 08 05 19 51 00 000    8.16    32.98    -2.37  -605.20     14.70   -103.80   20.62    256794.0
 2011 08 05 19 52 00 000    7.42    33.57    -1.56  -608.90     31.40    -91.70   12.80    249670.0
 2011 08 05 19 53 00 000    5.84    33.46     0.36  -608.90     31.40    -91.70   12.80    249670.0
 2011 08 05 19 54 00 000    3.49    33.46     2.18  -602.60     25.20    -99.40   13.49    229598.0
 2011 08 05 19 55 00 000    1.93    34.31     4.92  -594.60     17.50   -109.00   14.35    204365.0
 2011 08 05 19 56 00 000    0.18    34.69     5.32  -619.40     22.60    -82.20   11.30    237970.0
 2011 08 05 19 57 00 000   -2.09    34.15     6.91  -642.30     27.40    -57.40    8.50    269077.0
 2011 08 05 19 58 00 000    0.82    34.60     4.24  -632.90     30.90    -66.60    9.70    253844.0
 2011 08 05 19 59 00 000    4.84    34.75    -0.89  -626.20     33.40    -73.30   10.57    242877.0
 2011 08 05 20 00 00 000    6.27    34.39    -2.90  -623.70     33.60    -71.30   10.12    231481.0
 2011 08 05 20 01 00 000   10.01    32.03    -7.02  -612.50     34.60    -62.60    8.14    180426.0
 2011 08 05 20 02 00 000   17.09    22.86   -15.89  -626.70     49.60    -52.40   12.99    180832.0
 2011 08 05 20 03 00 000   16.45     5.38   -18.26  -635.60     59.00    -46.00   16.08    181088.0
 2011 08 05 20 04 00 000   16.93    -1.15   -22.83  -620.20     34.80    -77.90   33.68     90208.0
 2011 08 05 20 05 00 000   16.04    -3.30   -21.88  -619.20     34.90    -79.00   34.35     90442.0
 2011 08 05 20 06 00 000   13.82    -3.86   -17.25  -615.70     39.70    -74.90   39.57    132485.0
 2011 08 05 20 07 00 000   12.57   -10.83   -17.57  -613.70     47.80    -57.90   48.35    216236.0
 2011 08 05 20 08 00 000   -0.84   -18.94    -9.14  -608.10     51.70    -82.20   37.71    105162.0
 2011 08 05 20 09 00 000   -7.03   -16.23    -2.82  -610.70     29.30   -102.10   42.86    176696.0
 2011 08 05 20 10 00 000   -7.55   -18.21    -2.10  -615.30     34.40    -87.80   36.13    158901.0
 2011 08 05 20 11 00 000    9.16     7.08    -7.20  -622.20     38.50    -73.60   34.91    172625.0
 2011 08 05 20 12 00 000    3.18     0.01    -4.86  -620.80     42.90    -65.10   43.02    238161.0
 2011 08 05 20 13 00 000    4.69     2.55    -6.75  -622.80     44.60    -57.90   36.73    178180.0
 2011 08 05 20 14 00 000    0.05     2.54    -2.60  -619.60     47.70    -62.20   42.60    227185.0
 2011 08 05 20 15 00 000   -0.41     9.48    -2.41  -587.60     57.40    -76.50   48.41    227343.0
 2011 08 05 20 16 00 000    3.01     8.63    -2.22  -597.20     44.00    -73.20   49.50    230066.0
 2011 08 05 20 17 00 000    2.72     5.01    -2.82  -610.30     25.80    -68.70   50.98    233784.0
 2011 08 05 20 18 00 000    3.20     0.57    -2.73  -619.30     30.20    -57.50   51.05    279999.0
 2011 08 05 20 19 00 000    5.62    -1.83    -4.16  -619.30     30.20    -57.50   51.05    279999.0
 2011 08 05 20 20 00 000   -0.35    -5.33    -0.51  -618.80     42.70    -65.50   45.30    310070.0
 2011 08 05 20 21 00 000   -6.40    -1.77     4.61  -612.00     41.60    -71.60   49.28    302157.0
 2011 08 05 20 22 00 000   -8.66    -8.07     0.14  -590.40     58.70    -72.60   50.30    258910.0
 2011 08 05 20 23 00 000  -12.79   -11.25     5.19  -565.20     93.90    -60.20   43.04    195325.0
 2011 08 05 20 24 00 000  -14.75    -7.70     8.02  -585.50     60.10    -78.10   51.03    262740.0
 2011 08 05 20 25 00 000  -11.88    -9.92    13.28  -583.80     63.70    -81.40   43.69    220506.0
 2011 08 05 20 26 00 000  -11.30    -2.03    11.57  -581.50     68.30    -85.70   34.22    165689.0
 2011 08 05 20 27 00 000   -8.83     5.39     9.83  -590.80     51.70    -65.90   53.34    263219.0
 2011 08 05 20 28 00 000   -6.42     7.11    10.27  -590.80     51.70    -65.90   53.34    263219.0
 2011 08 05 20 29 00 000   -7.91     5.28     8.49  -590.80     51.70    -65.90   53.34    263219.0
 2011 08 05 20 30 00 000   -6.54     6.59     7.31  -590.80     51.70    -65.90   53.34    263219.0
 2011 08 05 20 33 00 000   20.47    22.35   -14.56  -590.80     51.70    -65.90   53.34    263219.0
 2011 08 05 20 34 00 000   10.25    17.44    -6.46  -569.60     -3.50   -103.50    7.76    154963.0
 2011 08 05 20 35 00 000    8.98    16.98    -6.08  -569.60     -3.50   -103.50    7.76    154963.0
 2011 08 05 20 37 00 000    8.03    15.16    -4.64  -569.60     -3.50   -103.50    7.76    154963.0
 2011 08 05 20 38 00 000   21.70    20.41   -15.66  -569.60     -3.50   -103.50    7.76    154963.0
 2011 08 05 20 39 00 000   20.67    22.14   -14.21  -580.10     16.00    -91.50    7.91    134899.0
 2011 08 05 20 40 00 000   19.14    25.77   -10.42  -582.10     13.60    -95.70    8.02    150359.0
 2011 08 05 20 41 00 000   18.30    26.79    -9.00  -592.30      1.20   -117.00    8.59    228826.0
 2011 08 05 20 42 00 000   17.08    27.46    -8.63  -592.30      1.20   -117.00    8.59    228826.0
 2011 08 05 20 44 00 000   16.01    28.22    -6.42  -597.60    -15.80   -100.30    8.68    297467.0
 2011 08 05 20 45 00 000   16.36    28.15    -6.84  -597.60    -15.80   -100.30    8.68    297467.0
 2011 08 05 20 46 00 000   17.81    26.42    -8.35  -591.80     -2.00    -85.40    7.99    316339.0
 2011 08 05 20 47 00 000   16.38    26.64    -8.53  -591.80     -2.00    -85.40    7.99    316339.0
 2011 08 05 20 48 00 000   15.07    27.80    -6.61  -591.80     -2.00    -85.40    7.99    316339.0
 2011 08 05 20 49 00 000   14.14    28.45    -5.43  -590.60    -27.60   -101.00    8.99    235875.0
 2011 08 05 20 50 00 000   15.23    27.01    -6.77  -590.60    -26.40   -100.80    9.12    232406.0
 2011 08 05 20 51 00 000   16.12    24.66   -10.18  -590.90    -16.10    -98.70   10.24    202826.0
 2011 08 05 20 52 00 000   16.39    24.65   -10.25  -592.40    -24.40   -101.30    9.75    222088.0
 2011 08 05 20 53 00 000   16.86    24.80    -9.38  -592.90    -27.10   -102.10    9.59    228454.0
 2011 08 05 20 54 00 000   14.13    27.75    -3.69  -595.60    -24.20    -87.60   10.70    232955.0
 2011 08 05 20 55 00 000   16.11    23.59    -8.85  -598.10    -21.40    -74.00   11.73    237161.0
 2011 08 05 20 56 00 000   15.96    23.64    -8.55  -597.20    -17.30    -70.40   13.62    246806.0
 2011 08 05 20 57 00 000   12.85    24.67    -8.62  -595.60    -10.50    -64.40   16.74    262660.0
 2011 08 05 20 58 00 000   18.53    19.20   -14.03  -581.10    -25.30    -84.90   13.12    194558.0
 2011 08 05 20 59 00 000   21.47    13.20   -20.21  -575.70    -30.80    -92.50   11.78    169432.0
 2011 08 05 21 00 00 000   22.25    10.25   -22.24  -580.90    -11.50    -80.50    5.05    342365.0
 2011 08 05 21 01 00 000   21.94    10.48   -21.78  -580.70     -2.90    -78.50    4.87    342001.0
 2011 08 05 21 02 00 000   20.85    12.31   -21.50  -580.80     12.60    -76.10    4.72    343760.0
 2011 08 05 21 03 00 000   21.06    12.21   -20.95  -578.70     10.20    -83.10    5.04    391111.0
 2011 08 05 21 04 00 000   20.01    15.40   -19.62  -566.30     -5.10    -89.90    5.34    406253.0
 2011 08 05 21 05 00 000   19.92    15.29   -19.49  -566.30     -5.10    -89.90    5.34    406253.0
 2011 08 05 21 06 00 000   19.97    15.53   -19.34  -570.60    -12.70    -79.90    5.83    463097.0
 2011 08 05 21 07 00 000   18.89    18.32   -17.48  -572.60     -6.60    -75.40    5.64    443444.0
 2011 08 05 21 08 00 000   17.58    18.70   -16.51  -577.40      6.60    -64.80    5.27    397190.0
 2011 08 05 21 09 00 000   17.84    17.27   -17.61  -585.40    -19.00    -63.80    7.33    373767.0
 2011 08 05 21 10 00 000   18.46    15.86   -18.78  -581.60    -16.20    -65.40    6.89    384758.0
 2011 08 05 21 11 00 000   19.49    11.99   -21.16  -580.30    -14.90    -66.10    6.75    391423.0
 2011 08 05 21 12 00 000   19.61    12.05   -21.26  -573.00     12.30    -79.60    6.27    586509.0
 2011 08 05 21 13 00 000   19.19    12.83   -21.44  -573.00     12.30    -79.60    6.27    586509.0
 2011 08 05 21 14 00 000   18.62    15.27   -20.25  -558.30    -14.60    -79.30    5.84    477284.0
 2011 08 05 21 15 00 000   18.94    12.77   -21.72  -558.30    -14.60    -79.30    5.84    477284.0
 2011 08 05 21 16 00 000   19.77    13.23   -20.81  -558.30    -14.60    -79.30    5.84    477284.0
 2011 08 05 21 17 00 000   18.16    15.26   -20.46  -558.30    -14.60    -79.30    5.84    477284.0
 2011 08 05 21 18 00 000   16.70    16.39   -20.09  -589.20    -32.00    -60.00    7.29    303522.0
 2011 08 05 21 19 00 000   16.57    19.96   -18.35  -587.20    -14.50    -65.80    6.80    277244.0
 2011 08 05 21 20 00 000   16.31    18.69   -20.09  -584.40      9.50    -73.80    6.14    241193.0
 2011 08 05 21 24 00 000   15.44    17.46   -19.00  -577.00    -36.40    -65.50    7.40    260830.0
 2011 08 05 21 25 00 000   18.34    12.43   -19.98  -577.00    -36.40    -65.50    7.40    260830.0
 2011 08 05 21 26 00 000   18.80     9.78   -20.95  -590.70    -75.80    -53.80    7.91    276244.0
 2011 08 05 21 27 00 000   20.30     4.15   -21.91  -599.60    -94.70    -47.10    8.02    292952.0
 2011 08 05 21 28 00 000   20.13    -2.96   -22.25  -613.20    -52.60    -45.50    5.84    393724.0
 2011 08 05 21 29 00 000   19.10    -6.72   -21.89  -612.20    -36.80    -41.40    6.33    379712.0
 2011 08 05 21 30 00 000   18.98    -3.20   -21.84  -609.30      1.50    -31.10    7.64    341675.0
 2011 08 05 21 31 00 000   19.08    -5.89   -21.50  -609.60     -6.00    -35.30    7.59    342888.0
 2011 08 05 21 32 00 000   19.34    -6.74   -20.64  -609.70     -8.70    -36.80    7.57    343314.0
 2011 08 05 21 33 00 000   18.48    -6.10   -21.19  -612.40      3.00    -30.50    7.24    288709.0
 2011 08 05 21 34 00 000   17.32    -1.09   -20.49  -623.50     12.40    -30.80    9.97    311341.0
 2011 08 05 21 35 00 000   17.93    -1.29   -20.48  -627.80     21.30    -28.60   10.21    295005.0
 2011 08 05 21 36 00 000   17.50    -2.15   -20.41  -629.40     32.60    -24.20    9.04    250759.0
 2011 08 05 21 37 00 000   17.59    -2.75   -20.60  -629.20     34.80    -26.00    9.07    275045.0
 2011 08 05 21 38 00 000   17.46    -3.98   -20.47  -629.10     35.10    -26.40    9.13    278656.0
 2011 08 05 21 39 00 000   17.20    -5.41   -20.46  -626.70     36.90    -29.20   10.05    304175.0
 2011 08 05 21 40 00 000   16.54    -6.17   -20.71  -627.50     38.90    -24.10   10.29    298477.0
 2011 08 05 21 41 00 000   16.92    -6.02   -20.80  -628.60     41.70    -16.90   10.61    290132.0
 2011 08 05 21 42 00 000   17.23    -8.08   -19.94  -622.40     31.30    -25.10    9.64    265398.0
 2011 08 05 21 43 00 000   17.79    -9.29   -18.98  -620.70     28.60    -27.30    9.39    258847.0
 2011 08 05 21 44 00 000   17.43    -9.21   -18.65  -618.60     30.60    -20.50   10.17    279505.0
 2011 08 05 21 45 00 000   17.03    -8.74   -19.06  -618.60     30.50    -20.50   10.18    278575.0
 2011 08 05 21 46 00 000   16.56    -9.74   -18.47  -619.10     24.90    -22.50   10.79    222618.0
 2011 08 05 21 47 00 000   17.13   -11.32   -17.60  -617.70     25.70    -23.60   10.69    216179.0
 2011 08 05 21 48 00 000   16.77   -11.88   -17.40  -612.80     28.60    -27.30   10.34    194364.0
 2011 08 05 21 49 00 000   16.66   -12.25   -17.05  -613.10     29.30    -23.80   10.59    197017.0
 2011 08 05 21 50 00 000   16.15   -12.15   -16.99  -614.70     31.60    -12.50   11.58    211496.0
 2011 08 05 21 51 00 000   16.09   -11.57   -17.11  -619.80     28.30    -24.50   12.77    262492.0
 2011 08 05 21 52 00 000   15.43   -10.34   -18.27  -622.40     13.60    -18.60   13.26    277598.0
 2011 08 05 21 53 00 000   15.55   -10.65   -18.03  -622.90      9.30    -16.20   13.35    279834.0
 2011 08 05 21 54 00 000   15.27   -10.63   -18.42  -619.30      9.20    -29.20   12.14    341782.0
 2011 08 05 21 55 00 000   14.73   -11.55   -17.24  -619.80      9.80    -28.30   12.28    343836.0
 2011 08 05 21 56 00 000   14.38   -12.15   -16.52  -625.00     15.00    -19.00   13.61    351013.0
 2011 08 05 21 57 00 000   13.88   -12.95   -15.92  -627.70     11.80    -13.70   13.03    296823.0
 2011 08 05 21 58 00 000   13.81   -13.12   -15.44  -628.00     11.40    -13.10   12.97    290802.0
 2011 08 05 21 59 00 000   13.83   -12.69   -14.85  -629.20     19.30    -14.40   13.44    240048.0
 2011 08 05 22 00 00 000   14.00   -12.77   -14.71  -629.10     19.60    -14.60   13.35    233825.0
 2011 08 05 22 01 00 000   13.80   -12.08   -15.18  -628.80     21.40    -15.40   12.81    199194.0
 2011 08 05 22 02 00 000   14.19   -11.37   -15.72  -626.10     32.00    -22.00   13.42    224096.0
 2011 08 05 22 03 00 000   14.11   -12.28   -14.64  -626.90     34.10    -23.70   13.98    235304.0
 2011 08 05 22 04 00 000   13.77   -12.16   -14.79  -637.10     19.70    -16.90   15.18    230584.0
 2011 08 05 22 05 00 000   14.01   -12.39   -14.85  -619.80     18.30    -25.00   13.00    214758.0
 2011 08 05 22 06 00 000   13.90   -12.50   -14.92  -618.60     18.20    -25.60   12.85    213681.0
 2011 08 05 22 07 00 000   14.38   -13.96   -12.94  -619.90     15.60    -18.40   13.02    209251.0
 2011 08 05 22 08 00 000   13.53   -14.27   -13.04  -625.40     18.00    -16.70   13.34    216531.0
 2011 08 05 22 09 00 000   13.98   -14.09   -12.29  -636.50     23.30    -19.70   13.85    234856.0
 2011 08 05 22 10 00 000   13.13   -14.35   -13.23  -634.10     18.80    -39.30   13.27    238044.0
 2011 08 05 22 11 00 000   12.08   -14.84   -13.67  -627.80     13.60    -43.50   13.69    206121.0
 2011 08 05 22 12 00 000   12.76   -14.69   -13.29  -628.80     23.20    -48.60   13.99    200963.0
 2011 08 05 22 13 00 000   12.04   -14.57   -14.08  -632.50     16.90    -47.50   13.78    188742.0
 2011 08 05 22 14 00 000   13.70   -13.64   -13.86  -636.40      8.30    -46.90   13.42    172253.0
 2011 08 05 22 15 00 000   14.72   -13.13   -13.62  -634.30     14.20    -58.30   13.14    156009.0
 2011 08 05 22 16 00 000   13.58   -13.08   -14.72  -629.20     14.80    -52.10   12.61    172909.0
 2011 08 05 22 17 00 000   14.41   -13.94   -14.30  -624.60     15.40    -46.50   12.13    188240.0
 2011 08 05 22 18 00 000   15.19   -13.01   -14.44  -623.70     14.00    -46.80   12.05    186037.0
 2011 08 05 22 19 00 000   13.83   -14.29   -14.02  -615.10      1.60    -49.20   11.33    165865.0
 2011 08 05 22 20 00 000   14.21   -13.36   -14.49  -613.40      1.00    -51.40   11.88    175810.0
 2011 08 05 22 21 00 000   14.05   -13.10   -14.76  -612.30      0.60    -52.80   12.24    182388.0
 2011 08 05 22 22 00 000   13.69   -13.70   -14.44  -614.80     -3.20    -53.80   13.44    191212.0
 2011 08 05 22 23 00 000   14.60   -12.21   -14.50  -610.20      8.00    -55.10   12.96    160251.0
 2011 08 05 22 24 00 000   14.44   -12.62   -14.55  -609.30     10.20    -55.30   12.87    154229.0
 2011 08 05 22 25 00 000   14.93   -11.24   -14.78  -603.10     25.80    -38.50   14.32    160773.0
 2011 08 05 22 26 00 000   14.37   -11.52   -14.98  -602.60     26.40    -39.10   14.33    161268.0
 2011 08 05 22 27 00 000   14.02   -12.03   -15.28  -598.30     31.60    -43.60   14.38    165301.0
 2011 08 05 22 28 00 000   14.06   -12.49   -15.16  -599.90     29.30    -38.30   13.68    167974.0
 2011 08 05 22 29 00 000   14.67   -12.91   -14.92  -601.30     27.50    -34.30   13.20    169688.0
 2011 08 05 22 30 00 000   15.07   -14.81   -14.08  -601.30     27.50    -34.30   13.20    169688.0
 2011 08 05 22 31 00 000   16.49   -10.93   -16.30  -586.00     30.70    -28.10   10.36    240658.0
 2011 08 05 22 32 00 000   17.73    -8.64   -17.07  -586.00     30.70    -28.10   10.36    240658.0
 2011 08 05 22 33 00 000   20.60    -7.60   -15.50  -559.70     54.10    -20.60    7.00    338862.0
 2011 08 05 22 34 00 000   20.18    -8.33   -15.65  -560.30     53.20    -21.00    7.02    340092.0
 2011 08 05 22 35 00 000   19.60    -9.35   -15.82  -573.30     34.00    -30.00    7.40    365444.0
 2011 08 05 22 36 00 000   19.40    -8.45   -16.67  -571.40     34.40    -32.10    7.64    383975.0
 2011 08 05 22 37 00 000   18.85   -10.92   -15.83  -566.90     35.50    -37.00    8.23    427905.0
 2011 08 05 22 38 00 000   18.96   -11.07   -15.99  -567.20     18.50    -46.80    7.82    365989.0
 2011 08 05 22 39 00 000   18.36   -12.10   -15.94  -567.30     12.60    -50.20    7.67    344591.0
 2011 08 05 22 40 00 000   17.96   -12.46   -16.10  -562.70      7.90    -46.70    7.76    339085.0
 2011 08 05 22 41 00 000   17.89   -12.80   -16.54  -556.40     21.10    -63.70    8.17    299165.0
 2011 08 05 22 42 00 000   18.22   -12.62   -16.85  -552.30     29.60    -74.60    8.43    273371.0
 2011 08 05 22 43 00 000   18.23   -12.64   -16.76  -556.20     31.30    -61.30    8.55    364974.0
 2011 08 05 22 44 00 000   18.51   -12.38   -16.77  -556.20     31.30    -61.30    8.55    364974.0
 2011 08 05 22 45 00 000   18.97   -11.49   -16.69  -560.90     33.70    -60.80    8.42    342781.0
 2011 08 05 22 46 00 000   16.26   -17.10   -12.93  -562.60     34.50    -60.50    8.37    335310.0
 2011 08 05 22 47 00 000   12.19   -22.18    -7.95  -564.90     16.40    -49.90    8.75    430249.0
 2011 08 05 22 48 00 000   12.29   -21.92    -7.38  -559.10      7.50    -54.70    9.37    475764.0
 2011 08 05 22 49 00 000   11.18   -22.13    -7.58  -555.20      1.80    -57.70    9.63    504848.0
 2011 08 05 22 50 00 000    9.02   -23.05    -6.23  -554.70      4.20    -55.70    8.26    493213.0
 2011 08 05 22 51 00 000    4.96   -24.81    -2.46  -580.10     -4.30    -34.40    8.76    533483.0
 2011 08 05 22 52 00 000   -3.66   -21.52     2.18  -588.90     -7.20    -27.10    8.93    547393.0
 2011 08 05 22 53 00 000  -11.67   -15.33    13.48  -690.30    -16.20     62.70   11.71    521450.0
 2011 08 05 22 54 00 000  -10.46   -17.86    12.22  -694.90    -18.60     66.30   11.86    510983.0
 2011 08 05 22 55 00 000  -11.16   -17.54    11.22  -675.00    -55.90     39.30   11.78    334979.0
 2011 08 05 22 56 00 000  -10.25   -20.25    11.23  -662.20    -45.90     32.80   11.45    252110.0
 2011 08 05 22 57 00 000  -10.49   -19.51    10.19  -663.50    -63.70     16.60   13.34    278858.0
 2011 08 05 22 58 00 000  -11.52   -19.64    10.70  -648.30    -62.60     -8.20   13.30    248292.0
 2011 08 05 22 59 00 000  -12.27   -19.74    12.35  -639.00    -57.70    -18.70   12.84    222545.0
 2011 08 05 23 00 00 000  -13.56   -20.11    11.67  -639.00    -57.70    -18.70   12.84    222545.0
 2011 08 05 23 01 00 000  -13.41   -19.68    12.65  -619.00    -14.30     -3.10   10.43    302751.0
 2011 08 05 23 02 00 000  -14.66   -19.57    12.98  -619.00    -14.30     -3.10   10.43    302751.0
 2011 08 05 23 03 00 000  -15.71   -18.76    13.59  -619.00    -14.30     -3.10   10.43    302751.0
 2011 08 05 23 04 00 000  -16.99   -17.05    14.20  -601.00     30.20      7.90    8.26    295434.0
 2011 08 05 23 05 00 000  -15.96   -15.17    16.80  -601.00     30.20      7.90    8.26    295434.0
 2011 08 05 23 06 00 000  -16.87   -14.52    16.50  -589.00     21.60     -6.60    8.15    239744.0
 2011 08 05 23 07 00 000  -18.59   -11.88    18.67  -589.00     21.60     -6.60    8.15    239744.0
 2011 08 05 23 08 00 000  -17.75   -12.72    19.57  -589.00     21.60     -6.60    8.15    239744.0
 2011 08 05 23 09 00 000  -16.87   -14.40    19.28  -552.40     -0.40     -7.30    6.08    197670.0
 2011 08 05 23 10 00 000  -18.57   -13.35    18.43  -552.40     -0.40     -7.30    6.08    197670.0
 2011 08 05 23 11 00 000  -17.62   -13.06    19.28  -549.20     -2.10     -8.20    5.94    173258.0
 2011 08 05 23 12 00 000  -18.70   -12.35    18.32  -544.40     -4.70     -9.50    5.74    136791.0
 2011 08 05 23 13 00 000  -19.70   -11.15    17.87  -544.40     -4.70     -9.50    5.74    136791.0
 2011 08 05 23 14 00 000  -18.32   -11.56    18.63  -551.50    -10.10    -17.20    6.29    226628.0
 2011 08 05 23 15 00 000  -18.70   -10.50    18.52  -553.40     -9.70    -24.80    5.89    182400.0
 2011 08 05 23 16 00 000  -18.82    -9.97    18.19  -556.00     -7.60    -33.90    6.06    167332.0
 2011 08 05 23 17 00 000  -19.68    -9.40    17.32  -556.70     -6.80    -36.30    6.18    168154.0
 2011 08 05 23 18 00 000  -18.72    -9.92    17.83  -561.80     -7.60    -25.10    6.67    185885.0
 2011 08 05 23 19 00 000  -20.34    -8.93    16.55  -561.80     -7.60    -25.10    6.67    185885.0
 2011 08 05 23 20 00 000  -19.80    -9.23    16.63  -554.10     -4.70    -21.40    6.12    160898.0
 2011 08 05 23 21 00 000  -19.03    -9.93    17.05  -554.10     -4.70    -21.40    6.12    160898.0
 2011 08 05 23 22 00 000  -17.77    -9.81    19.12  -553.80     -5.10    -34.70    5.84    165941.0
 2011 08 05 23 23 00 000  -19.70   -11.18    16.89  -553.80     -5.10    -36.00    5.81    166436.0
 2011 08 05 23 24 00 000  -19.77   -10.66    17.37  -560.70     -3.00    -28.30    5.65    223353.0
 2011 08 05 23 25 00 000  -19.71   -12.05    16.68  -560.70     -3.00    -28.30    5.65    223353.0
 2011 08 05 23 26 00 000  -19.16   -11.02    18.31  -563.10    -13.70     -5.20    4.50    232187.0
 2011 08 05 23 27 00 000  -19.25   -10.44    18.42  -563.60    -11.90     -6.00    4.53    229918.0
 2011 08 05 23 28 00 000  -18.53   -11.22    18.59  -567.70      2.70    -12.60    4.78    211173.0
 2011 08 05 23 29 00 000  -18.38   -10.95    18.84  -568.30      8.20    -17.30    4.62    176724.0
 2011 08 05 23 30 00 000  -18.90   -10.36    18.85  -568.30      8.40    -17.60    4.60    174074.0
 2011 08 05 23 31 00 000  -19.27    -9.81    18.90  -568.30      8.40    -17.60    4.60    174074.0
 2011 08 05 23 32 00 000  -19.47    -9.04    19.03  -563.60     -1.90    -15.10    4.29    170394.0
 2011 08 05 23 33 00 000  -19.29    -7.49    19.16  -565.60      7.40    -15.20    4.69    183882.0
 2011 08 05 23 34 00 000  -19.86    -8.70    17.52  -566.60     11.90    -15.20    4.90    190406.0
 2011 08 05 23 35 00 000  -19.73    -8.38    17.41  -558.90     -2.80    -10.60    6.04    229198.0
 2011 08 05 23 36 00 000  -18.64    -6.29    17.94  -558.90     -2.80    -10.60    6.04    229198.0
 2011 08 05 23 37 00 000  -18.61    -6.16    17.50  -569.10    -13.90     -8.20    6.81    242305.0
 2011 08 05 23 38 00 000  -17.47    -6.49    20.30  -572.10    -16.60    -19.20    6.54    236382.0
 2011 08 05 23 39 00 000  -17.75    -7.19    20.03  -573.30    -15.90    -39.80    5.76    220785.0
 2011 08 05 23 40 00 000  -18.56    -6.14    19.05  -570.70      4.90    -38.20    6.22    232937.0
 2011 08 05 23 41 00 000  -18.48    -4.46    18.97  -570.70      4.90    -38.20    6.22    232937.0
 2011 08 05 23 42 00 000  -17.95    -4.43    17.82  -563.80     -0.80    -16.10    7.10    291978.0
 2011 08 05 23 43 00 000  -18.20    -6.49    17.17  -563.80     -0.80    -16.10    7.10    291978.0
 2011 08 05 23 44 00 000  -17.72   -11.35    15.98  -562.00     -6.80    -23.40    7.16    273152.0
 2011 08 05 23 45 00 000  -18.64   -12.22    15.31  -558.00    -19.70    -39.20    7.29    232487.0
 2011 08 05 23 46 00 000  -17.84   -14.56    13.01  -560.70    -37.20    -60.70    7.12    197772.0
 2011 08 05 23 47 00 000  -17.97   -14.20    13.40  -561.00    -38.90    -62.90    7.10    194295.0
 2011 08 05 23 48 00 000  -18.77   -11.12    15.93  -538.20    -32.70    -88.80    5.25    284877.0
 2011 08 05 23 49 00 000  -17.62   -15.92     8.80  -538.20    -32.70    -88.80    5.25    284877.0
 2011 08 05 23 50 00 000  -17.19   -12.34     7.96  -537.20    -49.20    -97.30    7.74    354617.0
 2011 08 05 23 51 00 000  -16.29   -15.04     6.82  -537.90    -45.60    -93.60    8.75    336675.0
 2011 08 05 23 52 00 000  -13.92   -18.43     2.24  -540.70    -34.00    -84.10   11.66    288354.0
 2011 08 05 23 53 00 000  -15.14   -17.97     3.47  -544.50    -19.30    -76.10   13.14    264699.0
 2011 08 05 23 54 00 000  -16.95   -16.93     6.49  -545.20    -10.70    -64.00   11.91    271228.0
 2011 08 05 23 55 00 000  -17.64   -15.50     6.95  -548.30      4.60    -58.90   12.39    310324.0
 2011 08 05 23 56 00 000  -18.42   -11.13    11.64  -549.00     11.70    -55.70   12.40    338138.0
 2011 08 05 23 57 00 000  -20.08   -11.67     4.77  -582.90     -6.60     -6.30   12.72    433418.0
 2011 08 05 23 58 00 000  -21.76    -9.45     6.69  -584.70     -8.20     -5.80   12.69    422733.0
 2011 08 05 23 59 00 000  -19.94     4.09    11.89  -591.60    -13.70     -4.60   12.39    372552.0
 2011 08 06 00 00 00 000  -17.89    -5.21    19.67  -565.90     16.70    -19.30   10.93    445144.0
 2011 08 06 00 01 00 000  -19.54    -0.33    15.73  -563.80     11.60    -19.10   10.62    430755.0
 2011 08 06 00 02 00 000  -20.01     0.86    16.10  -573.40    -10.40    -11.10   11.94    339304.0
 2011 08 06 00 03 00 000  -20.96     4.03    17.53  -581.40    -10.10     -8.20   13.15    326056.0
 2011 08 06 00 04 00 000  -19.25    13.12    15.28  -563.20      6.20     -1.70   12.25    471605.0
 2011 08 06 00 05 00 000  -18.69    15.37    12.54  -565.00      8.40    -17.10   12.00    439900.0
 2011 08 06 00 06 00 000  -18.39    17.83    10.45  -564.80      8.10    -28.90   11.35    407077.0
 2011 08 06 00 07 00 000  -16.39    21.24     6.90  -558.40     -0.50    -34.10    9.19    357680.0
 2011 08 06 00 08 00 000  -14.37    21.85     5.88  -565.20    -14.90    -24.60   10.39    375113.0
 2011 08 06 00 09 00 000  -13.82    21.82     5.94  -567.80    -20.50    -20.90   10.86    381894.0
 2011 08 06 00 10 00 000  -12.51    22.48     5.35  -566.60    -19.10    -21.30   10.48    408630.0
 2011 08 06 00 11 00 000  -12.11    22.91     6.29  -564.50    -16.70    -21.90    9.80    453861.0
 2011 08 06 00 12 00 000  -11.30    23.23     4.48  -562.00    -13.50    -22.40    8.65    387427.0
 2011 08 06 00 13 00 000  -10.91    22.80     3.77  -561.70    -13.10    -22.50    8.49    378537.0
 2011 08 06 00 14 00 000   -9.36    23.42     4.67  -566.30     -4.10     -7.20   10.12    370540.0
 2011 08 06 00 15 00 000   -5.33    24.95     0.80  -563.30    -11.50    -20.00    9.14    390292.0
 2011 08 06 00 16 00 000    1.52    21.28   -10.41  -561.30    -16.60    -28.70    8.46    403774.0
 2011 08 06 00 17 00 000    0.41    21.39   -10.37  -561.30    -16.60    -28.70    8.46    403774.0
 2011 08 06 00 18 00 000    0.62    19.72   -11.78  -561.30    -16.60    -28.70    8.46    403774.0
 2011 08 06 00 19 00 000   -0.83    20.57    -5.91  -567.60      7.10     -0.40    7.81    364504.0
 2011 08 06 00 20 00 000   -3.74    22.36    -2.55  -569.90      1.40     -0.50    8.00    387814.0
 2011 08 06 00 21 00 000    0.89    21.34    -4.78  -579.40    -19.90     -0.80    8.72    480393.0
 2011 08 06 00 22 00 000    4.11    20.49    -4.42  -588.90    -12.70     -1.80    8.84    539073.0
 2011 08 06 00 23 00 000    7.87    17.69    -8.56  -588.90    -12.70     -1.80    8.84    539137.0
 2011 08 06 00 24 00 000    8.99    15.94   -10.01  -600.00      3.60      9.20    7.79    435468.0
 2011 08 06 00 25 00 000    9.47    16.82    -9.90  -600.00      3.60      9.20    7.79    435468.0
 2011 08 06 00 26 00 000    9.08    18.24    -7.70  -600.00      3.60      9.20    7.79    435468.0
 2011 08 06 00 27 00 000    9.78    17.64    -8.53  -608.20      5.50     25.70    7.30    391179.0
 2011 08 06 00 28 00 000   10.75    16.66    -9.40  -608.20      5.50     25.70    7.30    391179.0
 2011 08 06 00 29 00 000   11.08    16.67    -9.32  -608.20      5.50     25.70    7.30    391179.0
 2011 08 06 00 30 00 000   11.47    16.01    -9.57  -608.20      5.50     25.70    7.30    391179.0
 2011 08 06 00 31 00 000    9.83    16.39    -7.46  -608.20      5.50     25.70    7.30    391179.0
 2011 08 06 00 32 00 000   10.91    14.71    -9.30  -608.20      5.50     25.70    7.30    391179.0
 2011 08 06 00 33 00 000   11.71    11.80   -11.51  -608.20      5.50     25.70    7.30    391179.0
 2011 08 06 00 34 00 000   12.43    10.36   -12.16  -608.20      5.50     25.70    7.30    391179.0
 2011 08 06 00 35 00 000   14.24     6.95   -13.50  -604.80     21.60     25.80    7.63    412777.0
 2011 08 06 00 36 00 000   14.43     2.96   -14.85  -604.80     21.60     25.80    7.63    412777.0
 2011 08 06 00 37 00 000   14.83     0.61   -14.40  -603.40     26.90     25.80    7.69    402850.0
 2011 08 06 00 38 00 000   13.91    -1.65   -15.42  -603.50     26.20     24.50    7.74    399571.0
 2011 08 06 00 39 00 000   14.14    -2.30   -15.35  -604.00     22.30     15.70    8.07    375764.0
 2011 08 06 00 40 00 000   13.39    -7.35   -14.04  -605.30     38.80      8.70    8.38    312713.0
 2011 08 06 00 41 00 000   12.79    -7.55   -14.46  -605.30     39.20      8.50    8.39    311371.0
 2011 08 06 00 42 00 000   11.65    -7.44   -14.39  -601.20     34.30     20.30    7.98    340676.0
 2011 08 06 00 43 00 000    7.53   -10.74   -12.53  -599.10     36.50     20.10    8.15    376923.0
 2011 08 06 00 44 00 000    4.20   -13.43   -12.73  -585.60     51.30     18.90    9.24    615939.0
 2011 08 06 00 45 00 000    5.74   -11.61   -12.50  -589.20     48.60     17.30    9.04    605121.0
 2011 08 06 00 46 00 000    5.86   -10.76   -12.21  -589.00     49.00     17.80    9.09    600685.0
 2011 08 06 00 47 00 000    8.83    -8.95   -11.53  -584.70     54.20     23.10    9.62    576190.0
 2011 08 06 00 48 00 000   10.35    -8.19   -12.18  -589.50     47.40     16.20    9.77    612685.0
 2011 08 06 00 49 00 000   11.69    -7.22   -12.58  -594.40     43.80     10.70    9.17    548068.0
 2011 08 06 00 50 00 000   12.00    -8.32   -12.71  -593.30     44.10     17.70    9.28    571661.0
 2011 08 06 00 51 00 000   12.81    -6.84   -13.21  -593.30     44.10     17.70    9.28    571661.0
 2011 08 06 00 52 00 000   11.48    -7.60   -13.42  -601.00     34.60     19.50    8.17    492558.0
 2011 08 06 00 53 00 000   13.42    -6.54   -11.77  -597.30     48.60     27.80    8.31    480955.0
 2011 08 06 00 54 00 000   13.46    -6.33   -11.43  -593.30     54.70     30.60    8.48    477920.0
 2011 08 06 00 55 00 000   13.06    -6.15   -11.05  -593.30     54.70     30.60    8.48    477920.0
 2011 08 06 00 56 00 000   13.66    -5.73   -10.54  -589.70     40.40     15.90    8.92    524390.0
 2011 08 06 00 57 00 000   14.96    -2.17    -7.18  -593.70     42.40     18.50    8.83    497215.0
 2011 08 06 00 58 00 000   16.23     3.62    -2.41  -608.40     58.60     32.50    8.68    440344.0
 2011 08 06 00 59 00 000   16.11     0.24    -4.44  -610.90     71.80     40.20    8.85    479606.0
 2011 08 06 01 00 00 000   16.29     0.08    -4.89  -610.90     71.80     40.20    8.85    479606.0
 2011 08 06 01 01 00 000   14.87    -1.51    -6.27  -594.70     84.10     45.80    8.47    376816.0
 2011 08 06 01 02 00 000   15.62     0.28    -5.16  -598.30     74.70     47.80    8.56    400816.0
 2011 08 06 01 03 00 000   13.97    -3.43    -7.30  -606.40     53.20     52.30    8.78    455297.0
 2011 08 06 01 04 00 000   13.53    -4.92    -7.03  -599.60     59.60     45.30    8.46    377780.0
 2011 08 06 01 05 00 000   15.10    -2.52    -6.95  -599.10     60.90     45.10    8.44    377636.0
 2011 08 06 01 06 00 000   15.30    -1.47    -6.89  -597.00     74.50     47.60    8.48    440966.0
 2011 08 06 01 07 00 000   15.21    -1.18    -7.06  -596.70     76.80     48.00    8.49    451421.0
 2011 08 06 01 08 00 000   15.29    -2.38    -5.99  -596.70     76.80     48.00    8.49    451421.0
 2011 08 06 01 09 00 000   15.56    -2.25    -5.63  -602.30     65.50     64.10    7.64    323377.0
 2011 08 06 01 10 00 000   15.53    -0.42    -7.41  -602.30     65.80     64.10    7.66    324976.0
 2011 08 06 01 11 00 000   14.61    -0.34    -6.82  -602.50     79.40     64.10    8.50    393440.0
 2011 08 06 01 12 00 000   14.08    -1.03    -7.14  -604.20     73.80     57.50    8.41    392669.0
 2011 08 06 01 13 00 000   14.91    -2.12    -7.56  -605.20     70.10     53.50    8.34    390595.0
 2011 08 06 01 14 00 000   15.20    -1.19    -7.47  -605.00     83.30     61.20    8.18    371997.0
 2011 08 06 01 15 00 000   15.14    -0.52    -6.95  -605.00     83.60     61.40    8.18    371582.0
 2011 08 06 01 16 00 000   14.90     2.45    -6.07  -609.90     78.20     51.90    7.90    404604.0
 2011 08 06 01 17 00 000   14.65     0.65    -6.80  -608.70     81.90     52.30    7.89    401979.0
 2011 08 06 01 18 00 000   14.70     0.11    -5.47  -606.50     91.10     43.60    7.88    423991.0
 2011 08 06 01 19 00 000   14.62    -0.24    -6.01  -612.90     84.20     44.60    7.69    474644.0
 2011 08 06 01 20 00 000   13.81    -1.09    -5.61  -615.20     86.10     44.10    7.90    481252.0
 2011 08 06 01 21 00 000   12.88    -2.61    -5.46  -617.30     84.30     38.90    8.19    447450.0
 2011 08 06 01 22 00 000   12.26    -3.63    -5.18  -618.40     79.80     32.80    8.16    422115.0
 2011 08 06 01 23 00 000   11.67    -4.39    -5.26  -618.80     78.00     30.70    8.11    415981.0
 2011 08 06 01 24 00 000   11.76    -4.26    -5.27  -618.80     78.00     30.70    8.11    415981.0
 2011 08 06 01 25 00 000   11.99    -4.56    -4.88  -601.30     79.90     29.20    7.81    432700.0
 2011 08 06 01 26 00 000   11.96    -4.83    -4.92  -603.10     80.10     26.70    7.83    431114.0
 2011 08 06 01 27 00 000   12.01    -5.04    -4.55  -607.00     82.30     24.50    7.74    417562.0
 2011 08 06 01 28 00 000   12.41    -4.08    -4.70  -602.40     83.20     30.30    8.00    444183.0
 2011 08 06 01 29 00 000   12.52    -4.23    -3.76  -605.40     79.00     20.40    8.06    436393.0
 2011 08 06 01 30 00 000   12.09    -5.12    -3.82  -605.40     79.00     20.40    8.06    436393.0
 2011 08 06 01 31 00 000   12.11    -5.72    -3.93  -601.70     77.60     18.70    8.21    486137.0
 2011 08 06 01 32 00 000   12.37    -5.14    -4.04  -601.70     77.60     18.70    8.21    486137.0
 2011 08 06 01 33 00 000    9.39    -7.31    -5.54  -604.80     83.50     30.80    7.43    391763.0
 2011 08 06 01 34 00 000   11.46    -5.47    -4.44  -604.80     83.50     30.80    7.43    391763.0
 2011 08 06 01 35 00 000    6.73    -9.68    -4.67  -605.70     86.70     33.70    8.04    444144.0
 2011 08 06 01 36 00 000   -1.71   -12.16    -4.80  -604.40     87.00     33.30    8.10    448165.0
 2011 08 06 01 37 00 000   -1.55   -12.53    -4.52  -567.80     91.20     19.60    9.34    510924.0
 2011 08 06 01 38 00 000   -0.09   -12.37    -4.92  -566.60     86.30     13.50    8.81    521659.0
 2011 08 06 01 39 00 000   -0.18   -12.61    -5.50  -565.90     83.50     10.00    8.50    527888.0
 2011 08 06 01 40 00 000    0.97   -10.79    -4.93  -565.90     83.50     10.00    8.50    527888.0
 2011 08 06 01 41 00 000    2.54   -10.43    -5.55  -562.90     83.90     14.80    9.23    498451.0
 2011 08 06 01 42 00 000    1.47   -10.65    -5.09  -570.40     82.00     15.80    9.52    528121.0
 2011 08 06 01 43 00 000    4.90   -10.55    -5.82  -587.00     77.30     19.90    8.92    556871.0
 2011 08 06 01 44 00 000    5.56    -9.96    -6.00  -587.00     77.30     19.90    8.92    556871.0
 2011 08 06 01 45 00 000    4.78   -11.04    -5.25  -587.00     77.30     19.90    8.92    556871.0
 2011 08 06 01 46 00 000    5.87    -9.74    -6.05  -586.90     97.10     26.80    8.38    432394.0
 2011 08 06 01 47 00 000    6.88    -9.06    -5.85  -586.90     97.10     26.80    8.38    432434.0
 2011 08 06 01 48 00 000    7.88    -8.06    -5.62  -590.80     87.20     20.90    8.44    447978.0
 2011 08 06 01 49 00 000    8.21    -7.62    -5.45  -597.20     84.90     25.80    8.64    462297.0
 2011 08 06 01 50 00 000    7.58    -8.03    -5.58  -605.30     82.10     31.90    8.90    480298.0
 2011 08 06 01 51 00 000    6.31    -8.95    -5.55  -600.90     86.30     35.30    8.47    457341.0
 2011 08 06 01 52 00 000    4.82    -9.91    -5.55  -594.80     92.90     33.10    8.56    485537.0
 2011 08 06 01 53 00 000    5.01    -9.80    -5.59  -591.50     96.50     31.90    8.61    501221.0
 2011 08 06 01 54 00 000    4.24   -10.01    -5.73  -590.20     70.90     20.80    7.92    530151.0
 2011 08 06 01 55 00 000    1.64   -10.32    -5.22  -590.20     70.90     20.80    7.92    530151.0
 2011 08 06 01 56 00 000    2.31    -9.60    -5.54  -586.80     68.90     22.20    8.59    566626.0
 2011 08 06 01 57 00 000    3.52    -9.21    -5.90  -586.00     68.40     22.60    8.75    575482.0
 2011 08 06 01 58 00 000    3.35    -9.34    -5.83  -586.00     68.40     22.60    8.75    575482.0
 2011 08 06 01 59 00 000    4.35    -8.59    -6.05  -596.10     57.40     27.10    8.22    530831.0
 2011 08 06 02 00 00 000    4.49    -9.22    -5.56  -596.10     57.40     27.10    8.22    530831.0
 2011 08 06 02 01 00 000    6.44    -8.08    -5.53  -596.10     57.40     27.10    8.22    530831.0
 2011 08 06 02 02 00 000    4.62    -8.03    -7.33  -600.60     65.70     34.10    8.20    520680.0
 2011 08 06 02 03 00 000    4.30    -9.03    -7.14  -599.90     62.90     32.40    8.24    520726.0
 2011 08 06 02 04 00 000    4.07   -10.39    -5.86  -597.20     52.30     25.70    8.42    520904.0
 2011 08 06 02 05 00 000    3.48   -10.63    -5.50  -597.20     52.30     25.70    8.42    520904.0
 2011 08 06 02 06 00 000    1.63   -10.10    -6.08  -598.50     62.70     28.20    8.92    485812.0
 2011 08 06 02 07 00 000    0.26   -11.80    -4.85  -598.50     62.70     28.20    8.92    485812.0
 2011 08 06 02 08 00 000   -0.18   -11.64    -5.60  -598.50     62.70     28.20    8.92    485812.0
 2011 08 06 02 09 00 000   -0.82   -10.85    -6.48  -596.10     67.80     37.30    8.23    540966.0
 2011 08 06 02 10 00 000   -0.62   -11.50    -5.07  -596.10     67.80     37.60    8.23    538705.0
 2011 08 06 02 11 00 000    0.18   -11.57    -4.06  -596.40     67.60     40.30    8.30    495961.0
 2011 08 06 02 12 00 000    0.54   -11.85    -3.60  -596.20     69.20     35.20    8.58    485249.0
 2011 08 06 02 13 00 000    0.90   -11.83    -4.11  -592.40     70.50     28.40    8.05    493541.0
 2011 08 06 02 14 00 000    1.87   -11.30    -4.44  -592.40     70.50     28.40    8.05    493541.0
 2011 08 06 02 15 00 000    0.91   -11.76    -2.68  -591.50     71.30     39.50    8.18    556523.0
 2011 08 06 02 16 00 000    0.22   -11.45    -3.36  -593.50     73.00     39.20    8.05    540701.0
 2011 08 06 02 17 00 000   -1.07   -11.53    -2.85  -599.20     77.80     38.30    7.67    494306.0
 2011 08 06 02 18 00 000   -8.02    -8.98    -0.44  -601.00     67.50     38.90    7.87    466072.0
 2011 08 06 02 19 00 000   -4.98   -10.27    -2.37  -601.00     67.50     38.90    7.87    465960.0
 2011 08 06 02 20 00 000   -3.71   -10.58    -3.29  -601.60     72.80     41.20    8.39    452605.0
 2011 08 06 02 21 00 000   -4.47   -10.72    -2.15  -601.60     73.00     41.30    8.41    452048.0
 2011 08 06 02 22 00 000   -5.87   -10.25    -1.02  -610.90     67.10     54.10    8.50    517653.0
 2011 08 06 02 23 00 000   -0.67   -10.74    -5.45  -610.90     67.10     54.10    8.50    517653.0
 2011 08 06 02 24 00 000    3.53    -8.92    -6.92  -600.70     69.10     46.00    8.10    466992.0
 2011 08 06 02 25 00 000    3.89    -9.42    -6.16  -599.50     69.30     45.00    8.05    460771.0
 2011 08 06 02 26 00 000    2.50   -10.16    -6.24  -597.10     48.00     34.40    8.81    584724.0
 2011 08 06 02 27 00 000    3.04   -10.33    -6.18  -597.90     50.10     36.30    8.78    575748.0
 2011 08 06 02 28 00 000    0.87   -11.06    -5.56  -605.30     68.60     52.70    8.54    496750.0
 2011 08 06 02 29 00 000   -0.51   -11.49    -4.50  -609.30     63.00     44.00    9.07    530104.0
 2011 08 06 02 30 00 000   -1.05   -11.77    -5.18  -609.50     62.70     43.60    9.09    531625.0
 2011 08 06 02 31 00 000   -0.61   -11.76    -5.60  -600.10     70.50     50.70    8.63    483105.0
 2011 08 06 02 32 00 000    2.13   -10.88    -6.18  -596.90     74.20     49.80    8.68    507996.0
 2011 08 06 02 33 00 000    2.68   -10.55    -6.22  -586.10     86.80     46.90    8.84    592721.0
 2011 08 06 02 34 00 000    2.53   -10.87    -5.93  -586.10     86.80     46.90    8.84    592721.0
 2011 08 06 02 35 00 000    1.66   -11.38    -5.48  -596.00     65.60     56.00    8.58    537083.0
 2011 08 06 02 36 00 000    0.89   -11.89    -4.54  -596.00     65.60     56.00    8.58    537083.0
 2011 08 06 02 37 00 000    2.24   -11.46    -5.63  -597.40     67.50     57.00    8.30    512611.0
 2011 08 06 02 38 00 000    2.79   -10.82    -6.20  -597.60     67.80     57.10    8.26    508960.0
 2011 08 06 02 39 00 000    2.90   -10.65    -4.77  -590.60     51.90     53.80    8.84    548890.0
 2011 08 06 02 40 00 000    2.50   -10.53    -5.50  -590.60     51.90     53.80    8.84    548864.0
 2011 08 06 02 41 00 000    3.39    -9.10    -7.33  -591.80     52.00     47.60    8.73    521067.0
 2011 08 06 02 42 00 000    3.29   -10.11    -6.23  -591.80     52.00     47.40    8.73    520231.0
 2011 08 06 02 43 00 000    3.14   -11.50    -4.24  -587.10     59.10     57.90    8.90    577845.0
 2011 08 06 02 44 00 000    3.99   -10.89    -3.89  -587.10     59.10     57.90    8.90    577845.0
 2011 08 06 02 45 00 000    2.80   -10.28    -5.56  -582.40     66.90     55.20    8.47    542340.0
 2011 08 06 02 46 00 000    6.12    -8.54    -6.01  -582.50     66.70     55.20    8.47    541951.0
 2011 08 06 02 47 00 000    3.94   -10.11    -5.82  -594.00     37.50     58.30    8.54    481583.0
 2011 08 06 02 48 00 000    4.89    -9.53    -5.75  -594.30     43.20     49.60    8.96    492934.0
 2011 08 06 02 49 00 000    3.82   -10.83    -4.84  -594.50     44.80     47.70    9.06    495891.0
 2011 08 06 02 50 00 000    4.01   -11.08    -4.59  -596.30     46.10     58.70    8.82    491685.0
 2011 08 06 02 51 00 000    3.19   -11.59    -4.17  -596.30     46.10     58.70    8.82    491685.0
 2011 08 06 02 52 00 000    2.44   -12.02    -3.79  -591.50     56.00     60.10    8.87    499350.0
 2011 08 06 02 53 00 000    2.54   -11.73    -3.69  -591.40     55.80     59.80    8.88    497296.0
 2011 08 06 02 54 00 000    3.51   -11.18    -4.50  -589.20     52.80     55.70    9.02    465217.0
 2011 08 06 02 55 00 000    2.79   -11.46    -3.84  -588.40     52.50     57.60    9.03    464391.0
 2011 08 06 02 56 00 000    2.31   -11.27    -4.28  -583.40     51.00     68.80    9.10    459399.0
 2011 08 06 02 57 00 000    3.19   -11.07    -4.55  -583.30     51.10     68.60    9.11    460239.0
 2011 08 06 02 58 00 000    3.28   -10.42    -5.10  -576.70     54.70     59.00    9.91    507075.0
 2011 08 06 02 59 00 000    2.31   -10.88    -4.87  -579.50     47.80     69.40    9.59    495661.0
 2011 08 06 03 00 00 000    2.70   -10.83    -4.70  -580.10     46.30     71.70    9.52    492951.0
 2011 08 06 03 01 00 000    2.65   -11.00    -4.52  -581.70     52.30     66.30    9.69    490377.0
 2011 08 06 03 02 00 000    1.75   -10.95    -4.76  -581.70     52.30     66.30    9.69    490377.0
 2011 08 06 03 03 00 000    1.69   -10.71    -5.23  -576.90     59.90     69.30    9.37    525630.0
 2011 08 06 03 04 00 000    1.60   -10.86    -5.06  -578.10     57.10     69.60    9.35    506934.0
 2011 08 06 03 05 00 000    2.17   -10.78    -4.88  -580.00     52.80     70.10    9.33    477822.0
 2011 08 06 03 06 00 000    3.03   -10.57    -4.00  -572.70     57.00     70.40    9.38    476854.0
 2011 08 06 03 07 00 000    2.18   -10.35    -4.93  -572.70     57.00     70.40    9.38    476864.0
 2011 08 06 03 08 00 000    0.52   -10.43    -5.85  -568.20     53.00     72.40    9.80    501098.0
 2011 08 06 03 09 00 000    5.49    -9.40    -3.25  -568.20     53.00     72.40    9.80    501111.0
 2011 08 06 03 10 00 000    8.18    -8.07    -2.00  -562.60     56.90     74.00   10.43    638111.0
 2011 08 06 03 11 00 000    9.43    -7.27    -0.99  -559.50     55.20     73.80   10.07    595189.0
 2011 08 06 03 12 00 000    9.99    -6.71    -1.51  -550.80     47.90     71.40    8.91    456616.0
 2011 08 06 03 13 00 000   10.21    -5.96    -3.16  -555.50     37.40     63.30    8.83    446461.0
 2011 08 06 03 14 00 000   11.27    -5.46    -3.18  -553.00     38.80     70.20    8.98    474959.0
 2011 08 06 03 15 00 000   11.85    -5.40    -1.83  -558.50     27.10     51.60    8.21    382894.0
 2011 08 06 03 16 00 000   11.90    -5.28    -0.84  -558.50     27.10     51.60    8.21    382760.0
 2011 08 06 03 17 00 000   11.74    -5.51    -0.29  -558.50     27.10     51.60    8.21    382760.0
 2011 08 06 03 18 00 000   11.90    -5.27     0.37  -558.50     27.10     51.60    8.21    382760.0
 2011 08 06 03 19 00 000   11.96    -4.90     1.33  -558.50     27.10     51.60    8.21    382760.0
 2011 08 06 03 20 00 000   11.91    -4.55     1.33  -555.60     59.50     63.60    8.26    405711.0
 2011 08 06 03 21 00 000   11.73    -4.68     1.36  -555.60     59.50     63.60    8.26    405711.0
 2011 08 06 03 22 00 000   11.28    -5.09     0.71  -555.40     54.30     66.30    8.25    437260.0
 2011 08 06 03 23 00 000   11.76    -2.44     2.86  -555.30     52.20     67.40    8.24    450168.0
 2011 08 06 03 24 00 000   11.61    -2.46     2.89  -566.50     56.40     49.70    8.59    608635.0
 2011 08 06 03 25 00 000   11.30    -3.48     2.78  -566.50     56.40     49.70    8.59    608635.0
 2011 08 06 03 26 00 000   10.82    -2.76     4.72  -566.50     56.40     49.70    8.59    608635.0
 2011 08 06 03 27 00 000   10.61    -3.15     3.39  -567.90     61.60     49.60    8.83    583178.0
 2011 08 06 03 28 00 000   10.61    -3.13     4.49  -567.90     61.60     49.60    8.83    583087.0
 2011 08 06 03 29 00 000   10.40    -4.40     3.25  -563.70     58.50     46.10    8.38    543845.0
 2011 08 06 03 30 00 000    9.74    -5.21     3.11  -565.40     57.60     49.10    8.43    567811.0
 2011 08 06 03 31 00 000    8.44    -7.52     1.67  -561.70     61.90     58.90    8.74    561058.0
 2011 08 06 03 32 00 000   10.34    -5.45     1.86  -561.70     61.90     58.90    8.74    561054.0
 2011 08 06 03 33 00 000   10.91    -3.10     1.54  -565.10     59.90     53.70    8.61    527816.0
 2011 08 06 03 34 00 000   11.21    -1.45     2.02  -566.00     55.10     51.00    8.58    551554.0
 2011 08 06 03 35 00 000   10.81    -1.60     1.91  -565.00     48.40     49.50    8.75    610121.0
 2011 08 06 03 36 00 000   10.78    -1.64     2.20  -562.40     40.80     56.90    9.15    700731.0
 2011 08 06 03 37 00 000   10.46    -3.08     1.13  -563.10     43.70     66.70    9.08    691031.0
 2011 08 06 03 38 00 000   10.58    -3.96     0.77  -560.60     67.00     59.90    9.15    646671.0
 2011 08 06 03 39 00 000   11.08    -5.18     0.03  -560.30     70.20     59.00    9.16    640599.0
 2011 08 06 03 40 00 000   11.55    -4.90     0.56  -560.30     70.20     59.00    9.16    640599.0
 2011 08 06 03 41 00 000   11.37    -5.19     0.28  -561.90     52.80     55.70    7.61    430154.0
 2011 08 06 03 42 00 000   11.31    -4.66     0.35  -560.80     55.80     56.20    7.41    393201.0
 2011 08 06 03 43 00 000   11.29    -4.78     0.54  -559.00     58.40     57.90    7.51    384757.0
 2011 08 06 03 44 00 000   11.35    -4.58     0.25  -558.60     54.90     60.30    8.31    476210.0
 2011 08 06 03 45 00 000   11.52    -4.07     0.07  -558.60     54.90     60.30    8.31    476210.0
 2011 08 06 03 46 00 000   11.76    -3.13     1.07  -555.70     60.70     61.10    7.50    365256.0
 2011 08 06 03 47 00 000   11.39    -2.61     1.31  -555.70     60.70     61.10    7.50    365256.0
 2011 08 06 03 48 00 000   11.27    -3.07     0.95  -555.70     60.70     61.10    7.50    365256.0
 2011 08 06 03 49 00 000   11.28    -3.45     0.64  -555.70     60.70     61.10    7.50    365256.0
 2011 08 06 03 50 00 000   11.38    -3.43     0.34  -551.70     67.20     56.50    7.40    385749.0
 2011 08 06 03 51 00 000   11.52    -3.32    -0.17  -551.60     65.20     57.80    7.58    410537.0
 2011 08 06 03 52 00 000   11.60    -3.83    -0.96  -552.30     55.30     61.20    7.78    386260.0
 2011 08 06 03 53 00 000   11.60    -3.64    -1.28  -553.00     37.40     60.60    8.00    393308.0
 2011 08 06 03 54 00 000   11.76    -3.35    -1.39  -553.00     37.40     60.60    8.00    393308.0
 2011 08 06 03 55 00 000   11.59    -3.23    -1.28  -551.20     62.60     59.40    7.59    356921.0
 2011 08 06 03 56 00 000   11.64    -3.72    -1.53  -550.60     58.00     61.00    7.79    386597.0
 2011 08 06 03 57 00 000   11.65    -3.80    -1.59  -550.00     43.60     63.20    8.24    471252.0
 2011 08 06 03 58 00 000   11.58    -3.92    -1.75  -550.00     42.70     63.20    8.27    476721.0
 2011 08 06 03 59 00 000   11.53    -4.09    -1.61  -550.60     44.00     61.50    8.34    478790.0
 2011 08 06 04 00 00 000   11.44    -4.14    -1.65  -550.60     44.00     61.50    8.34    478790.0
 2011 08 06 04 01 00 000   11.36    -4.16    -1.81  -550.60     44.00     61.50    8.34    478790.0
 2011 08 06 04 02 00 000   11.38    -3.93    -1.51  -553.30     49.30     67.00    8.61    489070.0
 2011 08 06 04 03 00 000   11.37    -4.02    -1.74  -552.30     54.60     66.50    8.27    450610.0
 2011 08 06 04 04 00 000   11.55    -3.94    -1.42  -551.70     58.00     66.10    8.06    426148.0
 2011 08 06 04 05 00 000   11.66    -3.84    -1.67  -550.10     54.00     69.50    8.86    526759.0
 2011 08 06 04 06 00 000   11.76    -3.61    -1.71  -550.10     54.00     69.50    8.86    526759.0
 2011 08 06 04 07 00 000   11.47    -3.55    -1.99  -550.10     54.00     69.50    8.86    526759.0
 2011 08 06 04 08 00 000   11.50    -3.26    -1.83  -550.10     54.00     69.50    8.86    526759.0
 2011 08 06 04 09 00 000   11.40    -3.28    -1.83  -550.80     68.80     63.80    8.02    418393.0
 2011 08 06 04 10 00 000   11.47    -2.99    -2.05  -550.80     68.80     63.80    8.02    418393.0
 2011 08 06 04 11 00 000   11.36    -3.04    -2.16  -551.00     69.80     66.00    7.99    419573.0
 2011 08 06 04 12 00 000   10.82    -3.24    -2.54  -549.50     54.80     68.90    7.91    441073.0
 2011 08 06 04 13 00 000   11.06    -3.27    -2.73  -548.40     45.60     68.20    7.85    446266.0
 2011 08 06 04 14 00 000   11.06    -3.19    -2.78  -550.40     71.50     64.50    7.87    397039.0
 2011 08 06 04 15 00 000   10.87    -3.13    -3.11  -547.20     67.50     64.60    8.40    465558.0
 2011 08 06 04 16 00 000   10.62    -3.30    -3.62  -548.60     67.20     69.10    8.14    436731.0
 2011 08 06 04 17 00 000   10.17    -3.53    -4.02  -548.60     52.60     70.50    7.96    431479.0
 2011 08 06 04 18 00 000   10.17    -3.41    -4.08  -548.00     41.90     69.60    7.95    440616.0
 2011 08 06 04 19 00 000   10.20    -3.32    -4.25  -545.60     39.50     75.80    8.01    464262.0
 2011 08 06 04 20 00 000   10.25    -3.52    -3.74  -546.10     51.10     75.70    7.96    457169.0
 2011 08 06 04 21 00 000   10.28    -3.97    -4.19  -547.40     69.10     75.60    7.94    447665.0
 2011 08 06 04 22 00 000   10.57    -4.39    -3.21  -547.90     54.10     75.30    8.17    465600.0
 2011 08 06 04 23 00 000   10.54    -4.68    -2.81  -546.70     39.20     64.20    8.13    486102.0
 2011 08 06 04 24 00 000   11.02    -3.64     0.25  -546.70     37.90     63.10    8.13    487766.0
 2011 08 06 04 25 00 000   10.73    -3.84    -0.36  -543.40     44.00     82.60    8.15    485921.0
 2011 08 06 04 26 00 000   10.68    -4.24    -1.35  -543.40     44.00     82.60    8.15    485921.0
 2011 08 06 04 27 00 000   10.14    -4.75    -3.09  -543.40     44.00     82.60    8.15    485921.0
 2011 08 06 04 28 00 000    9.37    -4.72    -5.14  -543.40     44.00     82.60    8.15    485921.0
 2011 08 06 04 29 00 000    9.35    -5.45    -5.01  -546.70     50.60     75.70    8.26    427702.0
 2011 08 06 04 30 00 000    9.71    -5.39    -4.90  -546.70     50.60     75.70    8.26    427702.0
 2011 08 06 04 31 00 000    9.55    -4.92    -5.17  -543.30     67.90     82.00    8.76    518942.0
 2011 08 06 04 32 00 000    9.66    -5.26    -4.83  -543.20     67.90     82.10    8.73    517438.0
 2011 08 06 04 33 00 000   10.35    -4.76    -3.57  -543.60     59.30     79.30    7.96    436187.0
 2011 08 06 04 34 00 000   10.45    -4.32    -3.73  -541.80     58.40     91.50    8.55    488112.0
 2011 08 06 04 35 00 000   10.23    -4.89    -4.03  -541.10     58.10     96.20    8.78    507961.0
 2011 08 06 04 36 00 000   10.08    -5.11    -4.16  -541.10     58.10     96.20    8.78    507961.0
 2011 08 06 04 37 00 000   10.51    -4.23    -3.67  -541.10     58.10     96.20    8.78    507961.0
 2011 08 06 04 38 00 000   10.42    -4.43    -3.83  -534.80     66.70    100.50    8.45    482565.0
 2011 08 06 04 39 00 000   10.88    -3.63    -3.42  -534.80     66.70    100.50    8.45    482565.0
 2011 08 06 04 40 00 000   11.01    -3.20    -2.94  -535.00     70.10     87.30    8.55    536399.0
 2011 08 06 04 41 00 000   11.04    -3.70    -3.02  -534.90     70.00     87.60    8.55    536069.0
 2011 08 06 04 42 00 000   11.10    -3.62    -2.80  -528.70     65.30    100.10    8.50    519567.0
 2011 08 06 04 43 00 000   11.65    -3.23    -2.53  -528.60     65.20    100.40    8.50    519221.0
 2011 08 06 04 44 00 000   11.15    -4.40    -2.83  -531.80     70.30    105.30    8.28    480514.0
 2011 08 06 04 45 00 000    9.97    -5.87    -2.37  -531.80     70.30    105.30    8.28    480514.0
 2011 08 06 04 46 00 000    9.40    -6.61    -2.59  -531.80     70.30    105.30    8.28    480514.0
 2011 08 06 04 47 00 000    9.07    -7.10    -2.24  -530.10     75.70    105.00    7.91    457925.0
 2011 08 06 04 48 00 000    8.92    -6.96    -2.41  -530.10     75.70    105.00    7.91    457925.0
 2011 08 06 04 49 00 000    8.90    -6.63    -3.33  -533.10     80.40     90.70    8.39    498032.0
 2011 08 06 04 50 00 000    9.68    -5.80    -3.22  -533.10     80.40     90.70    8.39    498032.0
 2011 08 06 04 51 00 000    9.66    -6.54    -2.40  -533.70     60.10     99.40    8.56    486136.0
 2011 08 06 04 52 00 000    9.15    -6.87    -3.20  -534.10     58.40     98.40    8.64    494180.0
 2011 08 06 04 53 00 000    9.01    -6.65    -4.19  -533.30     63.20     99.00    8.94    545736.0
 2011 08 06 04 54 00 000    7.78    -7.10    -5.56  -531.60     70.30    105.50    8.95    559443.0
 2011 08 06 04 55 00 000    7.82    -6.99    -4.83  -535.20     56.00    108.20    8.53    471877.0
 2011 08 06 04 56 00 000    8.65    -7.22    -3.08  -540.40     50.40    101.30    8.69    469763.0
 2011 08 06 04 57 00 000    9.25    -7.27    -3.03  -542.30     57.40    106.40    8.62    458309.0
 2011 08 06 04 58 00 000    8.55    -6.63    -3.99  -542.00     41.30    103.00    8.50    442820.0
 2011 08 06 04 59 00 000    9.43    -6.80    -2.39  -537.10     24.00    101.90    8.20    411578.0
 2011 08 06 05 00 00 000    9.14    -6.56    -1.74  -543.70     55.30    100.60    8.41    501086.0
 2011 08 06 05 01 00 000    8.24    -6.79    -2.60  -541.60     49.00     96.10    8.61    493341.0
 2011 08 06 05 02 00 000    6.53    -6.14    -7.16  -540.60     37.90     80.40    9.33    477980.0
 2011 08 06 05 03 00 000    6.07    -6.62    -7.19  -543.30     39.80     79.60    9.64    497573.0
 2011 08 06 05 04 00 000    4.54    -6.88    -8.16  -541.20     33.60     90.10    9.91    544079.0
 2011 08 06 05 05 00 000    2.60    -4.36   -10.66  -545.60     32.30     86.70    9.51    457293.0
 2011 08 06 05 06 00 000    2.69    -5.04   -10.08  -546.00     31.20     87.80    9.19    439350.0
 2011 08 06 05 07 00 000    3.25    -5.70    -9.29  -546.10     30.80     88.20    9.08    433623.0
 2011 08 06 05 08 00 000    5.61    -7.28    -6.70  -545.40     30.00     96.60   10.28    461299.0
 2011 08 06 05 09 00 000    5.06    -7.30    -7.62  -545.40     30.00     96.60   10.28    461299.0
 2011 08 06 05 10 00 000    4.72    -7.30    -8.01  -548.40     32.80     88.40    9.86    435154.0
 2011 08 06 05 11 00 000    6.55    -8.37    -5.88  -541.70     21.70     92.10    9.66    427254.0
 2011 08 06 05 12 00 000    7.10    -8.71    -5.72  -539.30     17.80     93.40    9.60    424756.0
 2011 08 06 05 13 00 000    6.88    -8.84    -5.67  -539.30     17.80     93.40    9.60    424756.0
 2011 08 06 05 14 00 000    6.69    -9.07    -5.96  -529.60     28.70    107.90   10.51    482457.0
 2011 08 06 05 15 00 000    8.66    -9.22    -2.92  -529.60     28.70    107.90   10.51    482457.0
 2011 08 06 05 16 00 000    8.74    -9.22    -3.60  -536.10     31.40     96.30    9.11    421441.0
 2011 08 06 05 17 00 000    7.02    -7.86    -5.46  -537.40     29.80     94.60    8.86    418744.0
 2011 08 06 05 18 00 000    5.30    -6.38    -8.85  -529.30     -9.10    119.20   11.13    648091.0
 2011 08 06 05 19 00 000    6.39    -7.64    -7.38  -529.60     28.60    124.20    9.91    464639.0
 2011 08 06 05 20 00 000    4.78    -5.82   -10.55  -529.70     35.30    125.10    9.69    432292.0
 2011 08 06 05 21 00 000    3.45    -4.49   -11.86  -553.00     59.80     72.10    9.53    515194.0
 2011 08 06 05 22 00 000    6.38    -6.47    -8.41  -553.00     59.80     72.10    9.53    515194.0
 2011 08 06 05 23 00 000    6.41    -7.30    -7.69  -532.80     29.80     91.50   10.52    506410.0
 2011 08 06 05 24 00 000    6.63    -7.54    -6.98  -532.80     29.80     91.50   10.52    506411.0
 2011 08 06 05 25 00 000    5.99    -8.20    -7.68  -536.60     36.00     85.20   11.12    520652.0
 2011 08 06 05 26 00 000    6.32    -8.26    -8.77  -542.80     35.80     87.80   10.80    473811.0
 2011 08 06 05 27 00 000    5.58    -9.64    -7.38  -545.90     30.70     90.60   10.69    459229.0
 2011 08 06 05 28 00 000    4.54   -11.13    -1.54  -547.40     21.60     91.60   10.78    476628.0
 2011 08 06 05 29 00 000    2.07   -10.13     7.13  -549.10     39.00     73.00   10.61    504660.0
 2011 08 06 05 30 00 000    1.68   -11.66     4.40  -549.30     37.40     80.90   10.60    495914.0
 2011 08 06 05 31 00 000    3.82   -12.42    -1.56  -549.60     35.60     89.30   10.58    486680.0
 2011 08 06 05 32 00 000    2.86   -12.94     1.65  -557.70     26.80     88.50   10.19    450188.0
 2011 08 06 05 33 00 000    1.20   -13.26     2.15  -560.20     23.80     88.50   10.06    438250.0
 2011 08 06 05 34 00 000    1.87   -12.11     5.05  -565.60     26.70    111.00   10.80    498541.0
 2011 08 06 05 35 00 000    0.74   -11.19     7.84  -567.90     27.40    116.60   10.90    505310.0
 2011 08 06 05 36 00 000    0.81   -10.90     8.17  -579.90     25.90    124.10    9.54    373253.0
 2011 08 06 05 37 00 000    1.79   -12.30     4.90  -578.70     21.40    119.30   10.58    391718.0
 2011 08 06 05 38 00 000    1.71   -11.39     8.44  -577.90     20.00    117.60   10.95    402053.0
 2011 08 06 05 39 00 000    2.79   -12.40     8.14  -580.70     65.10    108.50    7.90    421215.0
 2011 08 06 05 40 00 000    3.94   -13.10     6.06  -580.70     65.10    108.50    7.90    421215.0
 2011 08 06 05 41 00 000    5.10   -13.10     5.35  -580.70     65.10    108.50    7.90    421215.0
 2011 08 06 05 42 00 000    6.10   -13.63     4.81  -576.70     58.30    125.40    8.15    445172.0
 2011 08 06 05 43 00 000    5.84   -13.35     4.14  -577.40     58.10    125.20    8.16    450034.0
 2011 08 06 05 44 00 000    5.63   -13.70     3.19  -586.70     55.10    123.20    8.27    513855.0
 2011 08 06 05 45 00 000    5.22   -13.97     2.92  -586.70     55.10    123.20    8.27    513855.0
 2011 08 06 05 46 00 000    4.72   -14.68     3.12  -585.60     66.10    129.40    7.81    509848.0
 2011 08 06 05 47 00 000    3.81   -14.33     4.48  -585.60     66.10    129.40    7.81    509848.0
 2011 08 06 05 48 00 000    2.43   -13.72     5.32  -601.70     82.30    129.60    8.47    517882.0
 2011 08 06 05 49 00 000    1.66   -13.33     6.27  -601.90     82.50    129.60    8.48    517989.0
 2011 08 06 05 50 00 000    2.65   -13.65     5.62  -573.10     85.70     98.60    7.69    575396.0
 2011 08 06 05 51 00 000    1.73   -13.34     7.37  -572.00     90.30    102.70    7.47    565885.0
 2011 08 06 05 52 00 000    1.40   -13.22     7.92  -571.20     93.90    106.00    7.32    558498.0
 2011 08 06 05 53 00 000    1.19   -12.26     8.83  -581.90     69.20    124.40    6.85    554179.0
 2011 08 06 05 54 00 000    1.11   -12.31     8.91  -581.20     73.60    120.60    6.74    536221.0
 2011 08 06 05 55 00 000    0.25   -11.66     9.05  -580.70     76.50    118.10    6.66    524616.0
 2011 08 06 05 56 00 000   -0.83   -11.50     9.66  -573.20     76.80    108.40    6.61    536741.0
 2011 08 06 05 57 00 000   -0.88   -11.09    10.15  -573.20     76.80    108.40    6.61    536741.0
 2011 08 06 05 58 00 000   -1.21   -12.02     9.05  -573.20     76.80    108.40    6.61    536741.0
 2011 08 06 05 59 00 000   -0.92   -10.06    10.55  -584.10     69.10    110.10    7.37    526399.0
 2011 08 06 06 00 00 000    3.92   -10.57     6.08  -581.00     74.60    118.20    7.05    549532.0
 2011 08 06 06 01 00 000    4.14   -11.14     5.88  -581.30     71.70    110.10    8.20    559157.0
 2011 08 06 06 02 00 000    5.25   -11.85     3.39  -579.30     72.90    106.70    8.92    674467.0
 2011 08 06 06 03 00 000    4.33   -11.49     3.67  -578.30     73.20    114.50    8.56    449542.0
 2011 08 06 06 04 00 000    5.72   -12.29     2.30  -576.00     67.70    116.60    8.41    486931.0
 2011 08 06 06 05 00 000    5.66   -11.69     3.47  -564.50     39.90    127.10    7.69    674657.0
 2011 08 06 06 06 00 000    7.10   -10.15     4.01  -576.50     72.00    126.10    8.94    611437.0
 2011 08 06 06 07 00 000    7.07    -8.70     4.48  -581.30     65.80    127.20    8.97    570648.0
 2011 08 06 06 08 00 000    6.17    -9.53     4.43  -577.00     66.50    121.10    9.00    500020.0
 2011 08 06 06 09 00 000    7.12    -7.55     6.22  -575.60     73.70    121.80    8.66    518034.0
 2011 08 06 06 10 00 000    6.86    -6.20    10.54  -573.60     72.30    119.60    8.40    493552.0
 2011 08 06 06 11 00 000    3.65    -4.98     2.72  -568.90     46.70    115.30    8.72    439724.0
 2011 08 06 06 12 00 000    1.90   -12.11    -9.21  -565.40     23.20    117.50    9.52    474731.0
 2011 08 06 06 13 00 000    2.48   -12.70    -8.46  -553.50     30.30    142.80    8.22    601134.0
 2011 08 06 06 14 00 000    3.38   -12.19    -6.89  -554.40     28.80    139.90    8.18    592213.0
 2011 08 06 06 15 00 000    2.82   -13.00    -6.63  -559.60     19.50    122.10    7.85    537197.0
 2011 08 06 06 16 00 000    3.02   -13.59    -4.79  -558.10     13.80    109.50    8.24    542517.0
 2011 08 06 06 17 00 000    3.53   -13.55    -3.62  -558.00     13.20    108.30    8.28    543028.0
 2011 08 06 06 18 00 000    4.78   -13.30    -1.68  -558.00     13.20    108.30    8.28    543028.0
 2011 08 06 06 19 00 000    6.16   -13.67    -0.20  -569.20     67.00    134.80    8.94    486788.0
 2011 08 06 06 20 00 000    6.76   -12.40     3.94  -569.90     68.80    135.40    9.00    479639.0
 2011 08 06 06 21 00 000    4.85   -12.53     4.26  -578.70     92.40    142.70    9.69    389302.0
 2011 08 06 06 22 00 000    6.71   -12.20     4.83  -576.40     89.80    131.50    9.49    476264.0
 2011 08 06 06 23 00 000    6.10   -10.46     7.64  -574.00     83.00    119.40    9.30    490396.0
 2011 08 06 06 24 00 000    4.11    -6.60     3.36  -566.50     63.60    114.90   10.08    577703.0
 2011 08 06 06 25 00 000    3.77    -4.04     1.53  -553.10     51.90    124.80   11.25    668601.0
 2011 08 06 06 26 00 000   -3.91     0.55    -2.11  -551.50     41.90    130.10   12.22    606857.0
 2011 08 06 06 27 00 000   -7.20     2.59    -1.84  -554.40     17.80    147.90   12.75    614859.0
 2011 08 06 06 28 00 000   -8.55     2.96    -2.86  -554.70     15.60    149.60   12.72    615939.0
 2011 08 06 06 29 00 000   -6.23     1.68    -5.95  -560.20     43.50    129.20   10.68    432803.0
 2011 08 06 06 30 00 000   -5.29    -0.77    -9.39  -560.20     43.50    129.20   10.68    432803.0
 2011 08 06 06 31 00 000   -6.05    -0.68    -9.20  -539.50     31.20    124.70   11.61    646592.0
 2011 08 06 06 32 00 000   -6.97    -1.76    -8.36  -536.80     29.60    124.10   11.73    674657.0
 2011 08 06 06 33 00 000   -6.71    -5.43    -6.63  -548.70     41.90    127.10   10.76    633088.0
 2011 08 06 06 34 00 000   -5.78    -7.98    -3.80  -552.90     46.20    128.10   10.42    618383.0
 2011 08 06 06 35 00 000   -3.47    -9.08    -3.04  -552.90     46.20    128.10   10.42    618383.0
 2011 08 06 06 36 00 000   -2.49    -9.35    -3.04  -564.80     75.70    116.30   11.10    558498.0
 2011 08 06 06 37 00 000    0.12    -9.00    -4.32  -566.20     71.80    112.70   10.48    546213.0
 2011 08 06 06 38 00 000    5.79    -0.79     6.21  -580.80     46.50     86.20    8.61    499692.0
 2011 08 06 06 39 00 000    9.55    -1.55     8.46  -584.60     31.60     75.90    8.93    508524.0
 2011 08 06 06 40 00 000    8.74   -10.80     0.89  -573.80     29.00     84.00    9.09    531511.0
 2011 08 06 06 41 00 000    8.79   -14.37    -3.94  -573.80     29.00     84.00    9.09    531511.0
 2011 08 06 06 42 00 000    8.80   -13.89    -5.41  -535.20     -5.90     79.20    8.48    149801.0
 2011 08 06 06 43 00 000    9.13   -14.51    -3.68  -537.50     -3.30     79.40    8.33    139232.0
 2011 08 06 06 44 00 000    9.99   -14.29    -3.99  -545.60      6.20     80.10    7.78    101243.0
 2011 08 06 06 45 00 000    8.72   -15.23    -3.72  -549.20    -34.40     53.00    8.78    208539.0
 2011 08 06 06 46 00 000    7.90   -15.13    -4.24  -547.40    -26.40     59.30    8.65    176640.0
 2011 08 06 06 47 00 000    8.79   -14.57    -3.96  -542.50     -3.60     78.10    8.35    139925.0
 2011 08 06 06 48 00 000    8.22   -14.88    -4.48  -537.50     12.90     84.90    8.21    181361.0
 2011 08 06 06 49 00 000    7.83   -14.54    -4.40  -545.00     11.90     81.60    8.48    162103.0
 2011 08 06 06 50 00 000    7.14   -14.46    -3.91  -529.60    -21.00     64.00    8.50    205957.0
 2011 08 06 06 51 00 000    6.64   -14.58    -4.70  -534.70    -20.20     62.30    7.97    203674.0
 2011 08 06 06 52 00 000    6.87   -14.22    -4.73  -546.30      6.10     52.50    8.08    127764.0
 2011 08 06 06 53 00 000    6.09   -14.62    -4.11  -526.60    -23.00     60.40    8.57    140420.0
 2011 08 06 06 54 00 000    5.91   -14.59    -4.00  -517.90    -35.80     63.90    8.79    145973.0
 2011 08 06 06 55 00 000    4.25   -14.86    -4.84  -517.90    -35.80     63.90    8.79    145973.0
 2011 08 06 06 56 00 000    4.91   -14.48    -4.47  -517.90    -35.80     63.90    8.79    145973.0
 2011 08 06 06 57 00 000    5.17   -14.56    -4.36  -535.90    -33.90     56.30    9.74    212461.0
 2011 08 06 06 58 00 000    6.52   -13.84    -3.77  -535.90    -33.90     56.30    9.74    212461.0
 2011 08 06 06 59 00 000    7.57   -13.09    -3.61  -535.90    -33.90     56.30    9.74    212461.0
 2011 08 06 07 00 00 000    5.17   -14.13    -5.54  -535.90    -33.90     56.30    9.74    212461.0
 2011 08 06 07 01 00 000    2.75   -15.98    -6.13  -535.90    -33.90     56.30    9.74    212461.0
 2011 08 06 07 02 00 000    4.11   -16.12    -5.25  -541.70     12.80     96.90    9.41    110723.0
 2011 08 06 07 03 00 000    6.53   -16.01    -4.44  -541.70     12.80     96.90    9.41    110723.0
 2011 08 06 07 04 00 000    4.34   -16.09    -4.61  -541.70     12.80     96.90    9.41    110723.0
 2011 08 06 07 05 00 000    5.48   -15.56    -3.51  -536.90    -14.20     73.80    8.91    112803.0
 2011 08 06 07 06 00 000    5.74   -15.19    -4.58  -536.90    -14.20     73.80    8.91    112803.0
 2011 08 06 07 07 00 000    5.54   -14.46    -5.16  -545.00     -2.70     64.70   10.76    180030.0
 2011 08 06 07 08 00 000    8.14   -12.19    -3.89  -545.00     -2.70     64.70   10.76    180030.0
 2011 08 06 07 09 00 000    8.29   -12.27    -3.41  -545.00     -2.70     64.70   10.76    180030.0
 2011 08 06 07 10 00 000    8.61   -13.53    -4.11  -545.00     -2.70     64.70   10.76    180030.0
 2011 08 06 07 11 00 000    7.92   -13.98    -4.28  -529.30    -45.60     66.30   10.91    222765.0
 2011 08 06 07 12 00 000    8.52   -14.14    -4.46  -529.30    -45.60     66.30   10.91    222765.0
 2011 08 06 07 13 00 000    9.94   -14.39    -3.74  -529.30    -45.60     66.30   10.91    222765.0
 2011 08 06 07 14 00 000    9.42   -14.93    -3.44  -539.50     -5.90     84.00    9.56    237615.0
 2011 08 06 07 15 00 000   10.83   -13.40    -4.40  -539.50     -5.90     84.00    9.56    237615.0
 2011 08 06 07 16 00 000    8.03   -16.16    -3.06  -539.50     -5.90     84.00    9.56    237615.0
 2011 08 06 07 17 00 000    7.88   -15.89    -3.59  -539.50     -5.90     84.00    9.56    237615.0
 2011 08 06 07 18 00 000    7.52   -15.51    -3.31  -539.50     -5.90     84.00    9.56    237615.0
 2011 08 06 07 19 00 000    9.29   -13.10    -3.57  -538.60    -12.40     92.10    9.81    142076.0
 2011 08 06 07 20 00 000    9.29   -13.10    -3.57  -538.60    -12.40     92.10    9.81    142076.0
 2011 08 06 07 21 00 000    9.98   -11.49    -3.05  -538.60    -12.40     92.10    9.81    142076.0
 2011 08 06 07 23 00 000    9.13   -12.53    -3.86  -538.60    -12.40     92.10    9.81    142076.0
 2011 08 06 07 24 00 000    6.30   -13.15    -2.61  -538.60    -12.40     92.10    9.81    142076.0
 2011 08 06 07 25 00 000    3.89   -14.32    -1.64  -530.40     -9.80     85.30   10.72    191338.0
 2011 08 06 07 26 00 000    4.84   -13.92    -1.28  -531.30     -9.10     84.30   10.34    177135.0
 2011 08 06 07 27 00 000    2.12   -14.73    -1.17  -531.50    -17.40     94.50   10.18    143309.0
 2011 08 06 07 28 00 000   -3.67   -15.46     0.76  -531.50    -17.40     94.50   10.18    143311.0
 2011 08 06 07 30 00 000   -2.26   -15.82    -0.85  -531.50    -17.40     94.50   10.18    143311.0
 2011 08 06 07 32 00 000    2.07   -15.43    -1.92  -505.70     -6.30     85.20   10.56    180294.0
 2011 08 06 07 33 00 000    4.05   -14.92    -2.61  -505.70     -6.30     85.20   10.56    180294.0
 2011 08 06 07 34 00 000    5.75   -12.16    -3.17  -510.90      3.90     94.90   12.29    277371.0
 2011 08 06 07 35 00 000    0.57   -13.17    -0.82  -520.20     -3.70    101.50   11.17    235057.0
 2011 08 06 07 36 00 000   -2.08   -12.02     0.30  -530.70    -11.00    103.20   10.40    196368.0
 2011 08 06 07 37 00 000   -1.35   -12.16     0.34  -530.70    -11.00    103.20   10.40    196368.0
 2011 08 06 07 38 00 000    2.37   -11.15     1.44  -507.70     -5.80    113.00   13.34    222709.0
 2011 08 06 07 39 00 000   -0.84   -11.47     3.65  -502.40     -2.20    106.50   12.52    212507.0
 2011 08 06 07 40 00 000    7.15    -8.73     2.73  -515.40    -16.60     99.40   10.46    124598.0
 2011 08 06 07 41 00 000    6.91    -8.27     3.74  -525.80    -26.20    100.10   10.16     91973.0
 2011 08 06 07 42 00 000    8.71    -7.86     1.82  -525.80    -26.20    100.10   10.16     91973.0
 2011 08 06 07 43 00 000   11.20    -5.23     3.14  -525.80    -26.20    100.10   10.16     91973.0
 2011 08 06 07 44 00 000   11.40    -5.68     2.58  -525.80    -26.20    100.10   10.16     91973.0
 2011 08 06 07 45 00 000   11.91    -5.78     0.96  -472.30      9.50    110.50   13.20    407781.0
 2011 08 06 07 46 00 000    9.17    -5.87    -1.46  -479.80     10.90    107.30   13.21    358113.0
 2011 08 06 07 47 00 000    9.34    -4.66    -3.17  -499.80     18.40    101.40   13.13    267342.0
 2011 08 06 07 48 00 000    9.41    -4.24    -3.49  -491.40     20.60     89.70   13.05    278713.0
 2011 08 06 07 49 00 000    4.11   -10.24     4.23  -488.40     10.50     98.40   12.89    234365.0
 2011 08 06 07 50 00 000    1.05   -11.11     7.29  -479.80     10.20     88.80   11.74    141334.0
 2011 08 06 07 51 00 000   -0.40   -10.09     7.91  -475.10     12.80     83.10   11.10     99039.0
 2011 08 06 07 52 00 000    6.21    -7.54     1.03  -482.10     24.10     94.90   12.39    228306.0
 2011 08 06 07 53 00 000   10.11    -4.56    -2.08  -482.10     24.10     94.90   12.39    228306.0
 2011 08 06 07 54 00 000    9.54     0.74     1.24  -491.00     25.00     95.90   12.45    263684.0
 2011 08 06 07 55 00 000    3.48     2.64     2.17  -493.80     29.30    100.90   12.77    316928.0
 2011 08 06 07 56 00 000    0.13     8.81     0.49  -493.90     39.50     97.50   13.44    353414.0
 2011 08 06 07 57 00 000    1.02     3.22    -6.61  -511.60     55.70     92.60   12.94    224609.0
 2011 08 06 07 58 00 000    3.06    -4.89    -1.57  -506.00     36.00     86.80   12.38    229088.0
 2011 08 06 07 59 00 000    3.04    -5.93     2.46  -498.20     10.20     85.40   11.54    232589.0
 2011 08 06 08 00 00 000    1.31    -4.43     2.24  -504.30      5.30     79.10   11.44    216635.0
 2011 08 06 08 01 00 000   -1.02    -6.68     0.04  -513.00      7.80     76.00   11.55    281895.0
 2011 08 06 08 02 00 000   -1.35    -6.07     0.15  -526.40     11.50     74.70   11.81    291757.0
 2011 08 06 08 03 00 000   -3.74    -4.27     1.43  -540.80     15.40     73.40   12.09    302323.0
 2011 08 06 08 04 00 000   -6.08    -4.17    -0.52  -541.30     16.10     73.60   12.08    307676.0
 2011 08 06 08 05 00 000   -6.38    -4.49    -0.46  -549.10     26.80     76.30   11.90    386329.0
 2011 08 06 08 06 00 000   -4.67    -6.26    -0.57  -549.10     26.80     76.30   11.90    386329.0
 2011 08 06 08 07 00 000   -5.21    -6.19    -1.97  -531.90     33.50     69.40   10.14    259243.0
 2011 08 06 08 08 00 000    2.50    -7.58    -1.52  -531.90     33.50     69.40   10.14    259243.0
 2011 08 06 08 09 00 000    1.46    -7.11     0.06  -531.90     33.50     69.40   10.14    259243.0
 2011 08 06 08 10 00 000   -4.29    -4.24     3.09  -531.90     33.50     69.40   10.14    259243.0
 2011 08 06 08 11 00 000   -0.37    -5.83     1.85  -531.90     33.50     69.40   10.14    259243.0
 2011 08 06 08 12 00 000    0.81    -6.82     2.99  -510.60     14.40     64.80   11.86    237995.0
 2011 08 06 08 13 00 000   -0.03    -7.65     2.74  -510.60     14.40     64.80   11.86    237995.0
 2011 08 06 08 14 00 000    1.02    -9.49     0.31  -508.80     12.40     66.40   11.24    236782.0
 2011 08 06 08 15 00 000    2.39    -9.64     2.30  -510.60      4.20     66.60   10.80    323780.0
 2011 08 06 08 16 00 000    1.44   -10.15     1.86  -512.30     -3.60     66.70   10.39    406504.0
 2011 08 06 08 17 00 000    1.82    -9.90     2.13  -505.80      4.10     61.50   10.11    284047.0
 2011 08 06 08 18 00 000    2.79    -9.39     2.47  -505.80      4.10     61.50   10.11    284047.0
 2011 08 06 08 19 00 000    2.96    -9.63     2.15  -505.80      4.10     61.50   10.11    284047.0
 2011 08 06 08 20 00 000    3.23    -7.41     4.57  -520.80      6.30     41.90   11.26    408093.0
 2011 08 06 08 21 00 000    3.47    -6.33     4.88  -521.90      2.10     36.80   11.26    539044.0
 2011 08 06 08 22 00 000    5.35    -8.33     4.10  -519.30     -9.90     34.30   11.55    634193.0
 2011 08 06 08 23 00 000    6.00    -8.68     4.71  -517.80    -16.20     31.90   11.62    643794.0
 2011 08 06 08 24 00 000    6.02    -7.68     6.44  -521.90     -8.60     19.80   10.80    553626.0
 2011 08 06 08 25 00 000    3.66    -6.76     8.55  -521.90     -8.60     19.80   10.80    553626.0
 2011 08 06 08 26 00 000    5.68    -7.39     6.30  -517.30     32.40     16.60   12.74    795923.0
 2011 08 06 08 27 00 000    1.62    -3.59     7.98  -516.80     21.70     22.60   11.76    714785.0
 2011 08 06 08 28 00 000    3.61    -4.52     3.46  -522.50     -7.10     63.30   12.66    518393.0
 2011 08 06 08 29 00 000    6.30    -6.78     0.50  -524.00     -9.90     64.60   12.80    495394.0
 2011 08 06 08 30 00 000    5.15    -6.94     2.74  -533.90      1.50     -8.60   12.35    483760.0
 2011 08 06 08 31 00 000    5.52    -6.61     3.98  -525.40      7.70     18.10   13.27    577121.0
 2011 08 06 08 32 00 000    6.29    -7.89     4.31  -508.30     -5.30     36.40   17.20    614710.0
 2011 08 06 08 33 00 000    5.97    -8.33     3.17  -533.00     18.90    -14.90   11.30    455452.0
 2011 08 06 08 34 00 000    5.60    -7.91     3.42  -514.50      7.80     35.60   15.33    475628.0
 2011 08 06 08 35 00 000    5.10    -8.41     8.30  -511.00      0.70     45.60   16.61    465808.0
 2011 08 06 08 36 00 000    3.53    -8.16     9.11  -511.00      0.70     45.60   16.61    465808.0
 2011 08 06 08 37 00 000    4.76    -7.67     8.71  -511.00      0.70     45.60   16.61    465808.0
 2011 08 06 08 38 00 000    3.79    -7.04     9.91  -511.00      0.70     45.60   16.61    465808.0
 2011 08 06 08 39 00 000    2.68    -7.12    10.22  -519.00     -7.50     59.50   13.76    306529.0
 2011 08 06 08 40 00 000    1.99    -5.47    11.32  -519.00     -7.50     59.50   13.76    306529.0
 2011 08 06 08 41 00 000    2.08    -5.94    10.50  -519.00     -7.50     59.50   13.76    306529.0
 2011 08 06 08 42 00 000    1.89    -5.73    10.62  -532.90     13.50     72.50   13.65    322758.0
 2011 08 06 08 43 00 000   -0.58    -3.00    11.32  -532.90     13.50     72.50   13.65    322758.0
 2011 08 06 08 44 00 000   -2.84    -1.61    11.21  -505.40     31.60     41.20   12.03    278601.0
 2011 08 06 08 45 00 000   -3.15    -1.47    11.41  -505.40     31.50     41.10   12.04    279973.0
 2011 08 06 08 46 00 000   -3.41    -0.91    12.32  -507.80     23.00     36.50   12.58    360690.0
 2011 08 06 08 47 00 000   -4.68    -5.19    11.86  -507.80     23.00     36.50   12.58    361131.0
 2011 08 06 08 48 00 000   -4.24    -2.82    12.96  -507.50     19.90     56.00   13.45    325149.0
 2011 08 06 08 49 00 000   -4.23    -2.17    13.49  -507.50     19.90     56.00   13.45    325149.0
 2011 08 06 08 50 00 000   -5.17    -1.38    12.95  -510.30     24.60     44.40   13.07    311464.0
 2011 08 06 08 51 00 000   -5.36    -1.38    12.24  -510.30     24.70     44.20   13.07    311284.0
 2011 08 06 08 52 00 000   -4.60    -0.70    12.64  -508.10     10.50     44.40   13.77    324794.0
 2011 08 06 08 53 00 000    2.97     7.89     8.15  -508.10     10.50     44.40   13.77    324794.0
 2011 08 06 08 54 00 000    3.18     7.65     7.41  -508.10     10.50     44.40   13.77    324794.0
 2011 08 06 08 56 00 000   -0.36     5.34    -9.09  -508.10     10.50     44.40   13.77    324794.0
 2011 08 06 08 57 00 000    1.50     6.08    -7.60  -508.10     10.50     44.40   13.77    324794.0
 2011 08 06 08 58 00 000    1.23     8.78     0.47  -517.70    -56.40     62.30   10.70    633819.0
 2011 08 06 08 59 00 000    1.88    10.02    -2.16  -523.00    -49.40     65.40   10.90    578518.0
 2011 08 06 09 00 00 000    1.42     9.13    -5.53  -528.90    -40.60     80.60   10.29    487331.0
 2011 08 06 09 01 00 000    3.98     7.27    -5.90  -528.50    -35.90     83.00   10.10    499241.0
 2011 08 06 09 02 00 000    3.78     6.52     3.82  -531.10    -29.50     70.30   10.25    577142.0
 2011 08 06 09 03 00 000    3.40     9.81    -2.64  -535.00    -33.70     52.30   10.34    651854.0
 2011 08 06 09 04 00 000    3.01     8.88    -0.88  -530.50    -53.50     67.20    9.90    651854.0
 2011 08 06 09 05 00 000    2.58     5.60     4.94  -530.50    -53.50     67.20    9.90    651854.0
 2011 08 06 09 06 00 000    2.18     9.91    -4.40  -524.50    -44.70     68.60    9.59    577375.0
 2011 08 06 09 07 00 000    3.48     6.96     2.83  -523.00    -37.50     63.40    9.31    536754.0
 2011 08 06 09 08 00 000    1.93     8.33     1.09  -538.70    -36.90     33.20    9.14    628208.0
 2011 08 06 09 09 00 000    2.24     6.54    -1.32  -538.70    -36.90     33.20    9.14    628208.0
 2011 08 06 09 10 00 000    0.05    12.59    -4.22  -515.80    -49.10     54.20    8.00    512517.0
 2011 08 06 09 11 00 000   -0.25    10.88    -5.39  -516.00    -51.70     54.60    8.01    523034.0
 2011 08 06 09 12 00 000   -2.59    10.51    -6.87  -517.70    -74.80     58.60    8.15    618002.0
 2011 08 06 09 13 00 000   -5.87     9.88    -9.10  -517.70    -75.20     58.70    8.15    619607.0
 2011 08 06 09 14 00 000   -1.71    10.83    -9.17  -507.80    -72.10     45.70    6.26    503536.0
 2011 08 06 09 15 00 000    1.44    11.83    -9.63  -507.80    -72.10     45.70    6.26    503536.0
 2011 08 06 09 16 00 000   -4.23    12.50    -5.08  -496.60    -64.80     50.50    6.08    368359.0
 2011 08 06 09 17 00 000   -4.68    12.56    -6.49  -491.00    -61.10     52.90    5.99    300189.0
 2011 08 06 09 18 00 000   -1.15    13.83     0.93  -506.90   -126.00     19.80    6.24    401598.0
 2011 08 06 09 19 00 000    1.33    13.60     6.16  -506.20   -129.30     20.00    6.35    410990.0
 2011 08 06 09 20 00 000    5.09    12.22     7.86  -532.60   -130.50    -47.30    5.25    209460.0
 2011 08 06 09 21 00 000    5.94    11.37     9.09  -542.90   -109.50    -45.10    5.74    268102.0
 2011 08 06 09 22 00 000    6.42     8.44    11.62  -555.40    -84.10    -42.50    6.32    339003.0
 2011 08 06 09 23 00 000    4.77     8.74    12.58  -555.40    -84.10    -42.50    6.32    339003.0
 2011 08 06 09 24 00 000    4.53     9.29    12.62  -555.40    -84.10    -42.50    6.32    339003.0
 2011 08 06 09 25 00 000    5.34     9.75    12.41  -536.30    -86.10    -67.80    6.66    296326.0
 2011 08 06 09 26 00 000    5.22    15.07     7.93  -538.30    -77.80    -58.90    6.43    265431.0
 2011 08 06 09 27 00 000    8.25    10.12    13.47  -554.50   -115.90    -57.50    5.17     75719.0
 2011 08 06 09 28 00 000   13.52     5.13    13.09  -554.80   -116.90    -57.70    5.15     72847.0
 2011 08 06 09 29 00 000   13.17     5.78    13.76  -554.80   -116.90    -57.70    5.15     72847.0
 2011 08 06 09 30 00 000   10.15     7.22    15.47  -554.60    -64.70    -80.20    6.10     69568.0
 2011 08 06 09 31 00 000    8.57     7.97    10.95  -557.40    -47.60    -66.80    6.28     65203.0
 2011 08 06 09 32 00 000    6.32    12.56     8.91  -561.40    -22.90    -47.30    6.55     58885.0
 2011 08 06 09 33 00 000    6.25    -6.46    16.66  -561.40    -22.90    -47.30    6.55     58885.0
 2011 08 06 09 34 00 000    5.61    -5.37    16.11  -561.40    -22.90    -47.30    6.55     58885.0
 2011 08 06 09 35 00 000    7.56     0.54    13.65  -540.90      7.00    -37.40    7.06    283715.0
 2011 08 06 09 36 00 000   -0.44    12.25    -6.95  -540.90      7.00    -37.40    7.06    283715.0
 2011 08 06 09 37 00 000   -4.13     9.96   -14.14  -468.00   -125.90     87.30    9.52    289713.0
 2011 08 06 09 38 00 000   -5.28     7.65   -14.29  -468.00   -125.90     87.30    9.52    289713.0
 2011 08 06 09 39 00 000   -2.62     6.46   -15.61  -468.20   -112.70     95.50    6.93    237746.0
 2011 08 06 09 40 00 000   -2.90     4.51   -15.74  -467.70   -114.30     97.80    7.03    244314.0
 2011 08 06 09 41 00 000   -1.95     4.09    -8.05  -461.40   -132.30    124.20    8.12    320376.0
 2011 08 06 09 42 00 000   -2.28    -0.08   -13.02  -461.40   -132.30    124.20    8.12    320376.0
 2011 08 06 09 43 00 000   -1.50     6.82    -8.74  -461.40   -132.30    124.20    8.12    320376.0
 2011 08 06 09 44 00 000   -2.69    10.24     5.48  -461.40   -132.30    124.20    8.12    320376.0
 2011 08 06 09 46 00 000   -3.55    12.80    -2.54  -475.40   -112.50      4.40    7.36    366385.0
 2011 08 06 09 47 00 000   -2.56    13.22    -3.65  -475.40   -112.50      4.40    7.36    366385.0
 2011 08 06 09 48 00 000   -4.28    12.85    -6.08  -475.40   -112.50      4.40    7.36    366385.0
 2011 08 06 09 49 00 000   -3.25    10.57    -8.89  -467.30   -132.70     40.50    7.57    352662.0
 2011 08 06 09 50 00 000   -2.67     9.15   -10.58  -467.80   -130.60     44.00    6.97    314465.0
 2011 08 06 09 51 00 000   -2.75    10.50   -10.54  -468.30   -129.00     46.80    6.52    285043.0
 2011 08 06 09 52 00 000   -3.10    10.52   -10.30  -468.30   -129.00     46.80    6.52    285043.0
 2011 08 06 09 53 00 000   -1.93     9.47    -9.51  -456.30   -140.60     23.10    7.53    316426.0
 2011 08 06 09 54 00 000    8.22    -7.75     5.49  -506.40    -85.70     13.30    7.06    206378.0
 2011 08 06 09 55 00 000    8.41    -9.42     4.71  -571.40      7.70     16.30    6.22     62963.0
 2011 08 06 09 56 00 000    9.46   -11.29     4.84  -568.20     26.20     22.50    6.03     67962.0
 2011 08 06 09 57 00 000    9.11   -11.46     5.68  -554.80     33.80     14.10    5.68     60944.0
 2011 08 06 09 58 00 000    7.58    -4.50     5.27  -547.20     41.80      2.60    5.85     56687.0
 2011 08 06 09 59 00 000    7.63    -6.29     7.53  -499.50    -42.80    -18.80    8.62    581963.0
 2011 08 06 10 00 00 000    8.79    -8.23     5.49  -517.30    -24.40    -23.30    6.47    333124.0
 2011 08 06 10 01 00 000   11.30   -11.89     4.70  -521.50    -22.20    -26.10    6.14    278531.0
 2011 08 06 10 02 00 000   10.72   -13.02     3.72  -549.50     29.90      6.60    6.01     72177.0
 2011 08 06 10 03 00 000    7.89   -11.88     9.64  -545.20     14.50    -25.10    4.03     63118.0
 2011 08 06 10 04 00 000    9.43   -13.87     5.28  -539.20     -2.00    -42.60    3.91     61609.0
 2011 08 06 10 05 00 000    9.72   -12.71     6.50  -550.10     43.30    -10.20    4.18     66324.0
 2011 08 06 10 06 00 000   10.62   -15.42     0.07  -550.50     41.70     -8.50    4.17     68414.0
 2011 08 06 10 07 00 000   11.14   -14.88    -2.29  -554.40     28.10      6.20    4.08     86317.0
 2011 08 06 10 08 00 000    8.31   -14.30    -6.26  -554.40     28.00      6.30    4.08     86491.0
 2011 08 06 10 09 00 000    5.38   -11.34   -11.62  -554.40     28.00      6.30    4.08     86491.0
 2011 08 06 10 10 00 000    5.44   -12.46   -10.67  -521.30    -11.80     49.90    4.10     62223.0
 2011 08 06 10 11 00 000   10.70   -11.87    -3.67  -521.30    -11.80     49.90    4.10     62223.0
 2011 08 06 10 12 00 000   11.88   -12.39     1.13  -550.90     29.20    -13.30    3.72    182613.0
 2011 08 06 10 13 00 000   11.16   -13.13     1.39  -550.90     29.20    -13.30    3.72    182613.0
 2011 08 06 10 14 00 000   11.24   -13.14     0.75  -550.90     29.20    -13.30    3.72    182613.0
 2011 08 06 10 15 00 000   11.28   -12.87     0.75  -551.80     36.20     43.20    3.89    144254.0
 2011 08 06 10 16 00 000   10.97   -12.77     1.69  -551.80     36.20     43.20    3.89    144254.0
 2011 08 06 10 17 00 000   10.28   -12.96     2.07  -550.00     41.60     47.60    4.43    147224.0
 2011 08 06 10 18 00 000    9.89   -13.78     2.26  -554.00     28.50     54.20    4.38    155826.0
 2011 08 06 10 19 00 000    8.15   -15.28     2.40  -563.60     28.10     16.50    3.90    124375.0
 2011 08 06 10 20 00 000    8.37   -14.76     1.79  -566.40     27.60      6.20    3.87    118599.0
 2011 08 06 10 21 00 000    8.41   -15.28    -3.26  -565.70     -7.70     44.10    4.06    105455.0
 2011 08 06 10 22 00 000    7.38   -15.61     3.29  -565.70     -7.70     44.10    4.06    105455.0
 2011 08 06 10 23 00 000    7.76   -15.60     3.09  -556.60     16.20     16.50    3.94     81354.0
 2011 08 06 10 24 00 000    6.37   -15.22     6.07  -556.60     16.20     16.50    3.94     81354.0
 2011 08 06 10 25 00 000    8.02   -14.70     4.90  -556.60     16.20     16.50    3.94     81354.0
 2011 08 06 10 26 00 000    8.34   -14.46     5.18  -552.40     20.50    -13.10    3.61     93775.0
 2011 08 06 10 27 00 000    8.88   -13.67     5.07  -556.10     22.70     -9.80    4.12    112552.0
 2011 08 06 10 28 00 000    9.25   -13.31     5.23  -560.80     25.40     -5.70    4.77    136388.0
 2011 08 06 10 29 00 000    9.26   -14.46     2.30  -559.80     17.90      6.90    4.81    116357.0
 2011 08 06 10 30 00 000    7.63   -14.03     6.48  -561.40     16.60      8.50    4.78    114318.0
 2011 08 06 10 31 00 000    7.86   -15.64    -0.87  -567.90     10.80     12.90    4.80    107523.0
 2011 08 06 10 32 00 000    6.81   -16.08     0.84  -574.00      1.20      6.00    5.47    107118.0
 2011 08 06 10 33 00 000    6.12   -15.89     2.24  -577.80     15.40     10.80    5.42     88258.0
 2011 08 06 10 34 00 000    4.93   -15.89     1.89  -578.80     12.20      8.00    5.21     79240.0
 2011 08 06 10 35 00 000    4.58   -15.64     2.46  -587.00     -3.50      9.00    5.13     68456.0
 2011 08 06 10 36 00 000    4.98   -15.50     2.46  -587.60      5.20     11.20    4.47     58787.0
 2011 08 06 10 37 00 000    6.02   -15.66     1.39  -587.60      5.70     11.30    4.43     58291.0
 2011 08 06 10 38 00 000    5.25   -15.96     3.21  -578.70     -1.70     12.20    3.31     66525.0
 2011 08 06 10 39 00 000    3.29   -15.65     3.98  -578.70     -1.70     12.20    3.31     66525.0
 2011 08 06 10 40 00 000    3.21   -15.32     3.98  -578.70     -1.70     12.20    3.31     66525.0
 2011 08 06 10 41 00 000    3.32   -15.20     4.12  -578.70     -1.70     12.20    3.31     66525.0
 2011 08 06 10 42 00 000    3.08   -14.91     4.41  -571.80     26.20    -16.00    5.81     73226.0
 2011 08 06 10 43 00 000    2.54   -14.78     4.81  -571.80     26.20    -16.00    5.81     73226.0
 2011 08 06 10 44 00 000    2.41   -14.69     5.09  -571.80     26.20    -16.00    5.81     73226.0
 2011 08 06 10 45 00 000    2.71   -15.05     4.53  -565.50     28.40    -25.70    5.56     61565.0
 2011 08 06 10 46 00 000    2.23   -14.88     4.69  -565.50     28.40    -25.70    5.56     61565.0
 2011 08 06 10 47 00 000    1.60   -14.97     4.57  -565.50     28.40    -25.70    5.56     61565.0
 2011 08 06 10 48 00 000    1.64   -14.79     4.42  -565.50     28.40    -25.70    5.56     61565.0
 2011 08 06 10 49 00 000    1.21   -14.92     4.25  -559.20     32.70    -25.20    6.66     79896.0
 2011 08 06 10 50 00 000    1.59   -14.83     4.19  -559.20     32.70    -25.20    6.66     79896.0
 2011 08 06 10 51 00 000    2.33   -14.74     4.16  -559.20     32.70    -25.20    6.66     79896.0
 2011 08 06 10 52 00 000    2.01   -14.77     3.31  -555.50     26.40    -18.30    6.62     59537.0
 2011 08 06 10 53 00 000    1.15   -14.84     3.44  -551.90     27.50    -22.60    6.45     57836.0
 2011 08 06 10 54 00 000    1.75   -15.00     2.51  -546.50     29.10    -29.20    6.19     55252.0
 2011 08 06 10 55 00 000    2.92   -14.90    -0.06  -544.40     32.70    -27.80    6.51     68383.0
 2011 08 06 10 56 00 000    2.99   -14.34    -2.04  -547.00     33.20    -26.00    6.91     70767.0
 2011 08 06 10 57 00 000    2.77   -14.49    -2.50  -549.10     35.40    -25.80    7.03     75745.0
 2011 08 06 10 58 00 000    3.07   -14.49    -2.51  -556.30     26.20    -10.50    6.18     64470.0
 2011 08 06 10 59 00 000    2.98   -14.74    -2.69  -557.10     25.40     -7.80    6.56     63777.0
 2011 08 06 11 00 00 000    5.83   -11.45    -4.24  -548.60     38.70     -2.90    7.04     60319.0
 2011 08 06 11 01 00 000    4.72   -12.28    -3.52  -545.00     43.40     -1.70    7.36     67636.0
 2011 08 06 11 02 00 000    4.05   -12.53    -1.73  -541.50     46.30     -1.30    7.56     73084.0
 2011 08 06 11 03 00 000    4.19   -12.45    -2.03  -541.50     46.30     -1.30    7.56     73084.0
 2011 08 06 11 04 00 000    4.15   -12.41    -1.93  -538.60     46.50      0.00    7.92     85532.0
 2011 08 06 11 05 00 000    4.24   -12.27    -2.03  -538.60     46.50      0.00    7.92     85532.0
 2011 08 06 11 06 00 000    4.75   -11.66    -2.44  -538.60     46.50      0.00    7.92     85532.0
 2011 08 06 11 07 00 000    4.86   -11.21    -2.57  -542.50     53.30     15.10    8.79    127018.0
 2011 08 06 11 08 00 000    4.79   -11.50    -1.90  -542.50     53.30     15.10    8.79    127018.0
 2011 08 06 11 09 00 000    0.00    -8.91    -0.90  -541.80     50.50     27.10    8.17    126413.0
 2011 08 06 11 10 00 000    2.40   -10.52    -1.29  -548.80     56.60     25.10    8.19    100894.0
 2011 08 06 11 11 00 000    3.13   -10.93    -1.00  -551.30     58.80     24.40    8.20     91824.0
 2011 08 06 11 12 00 000    4.33    -9.77    -0.96  -537.00     38.80     18.30    6.70    107027.0
 2011 08 06 11 13 00 000    3.43   -10.66    -0.76  -536.70     37.20     17.20    6.87     97708.0
 2011 08 06 11 14 00 000    3.29   -11.35    -1.08  -536.00     33.30     14.60    7.29     75602.0
 2011 08 06 11 15 00 000    3.50   -11.45    -0.94  -536.00     33.30     14.60    7.29     75602.0
 2011 08 06 11 16 00 000    3.62   -11.53    -1.31  -533.60     33.70     21.20    7.31     80911.0
 2011 08 06 11 17 00 000    2.69   -11.10    -0.86  -533.60     33.70     21.20    7.31     80911.0
 2011 08 06 11 18 00 000    2.79   -11.26    -1.44  -533.60     33.70     21.20    7.31     80911.0
 2011 08 06 11 19 00 000    2.71   -11.74    -1.74  -526.20     34.50     25.70    8.14     69240.0
 2011 08 06 11 20 00 000    1.80   -11.86    -1.49  -526.20     34.50     25.70    8.14     69240.0
 2011 08 06 11 21 00 000    2.16   -11.82     0.40  -526.20     34.50     25.70    8.14     69240.0
 2011 08 06 11 22 00 000    1.27   -12.07    -0.25  -530.70     31.60     29.70    7.94     70103.0
 2011 08 06 11 23 00 000    1.91   -11.75     0.01  -530.70     31.60     29.70    7.94     70103.0
 2011 08 06 11 24 00 000    1.79   -11.72     0.46  -531.00     31.30     32.30    8.03     68343.0
 2011 08 06 11 25 00 000    3.15   -12.14    -0.41  -534.40     30.00     24.40    7.65     57044.0
 2011 08 06 11 26 00 000    3.27   -12.13    -0.36  -536.80     28.50     19.00    7.36     49930.0
 2011 08 06 11 27 00 000    3.20   -12.22    -0.11  -539.00     19.60     19.20    6.55     57654.0
 2011 08 06 11 28 00 000    3.03   -12.31     0.45  -538.90     19.60     19.30    6.54     57788.0
 2011 08 06 11 29 00 000    2.55   -12.31     0.70  -535.30     20.00     21.50    6.09     62029.0
 2011 08 06 11 30 00 000    3.22   -12.19     0.33  -537.20     16.80     22.40    6.03     58683.0
 2011 08 06 11 31 00 000    3.01   -12.18     0.16  -539.10     13.50     23.40    5.96     55288.0
 2011 08 06 11 32 00 000    2.94   -12.12    -0.26  -539.70     12.60     20.60    5.98     54455.0
 2011 08 06 11 33 00 000    1.66   -12.01     1.83  -539.80     13.90     20.80    6.01     54231.0
 2011 08 06 11 34 00 000    2.23   -11.93     1.01  -540.70     22.80     22.20    6.24     52793.0
 2011 08 06 11 35 00 000    1.82   -11.87     2.66  -536.40     21.40     13.50    5.15     63703.0
 2011 08 06 11 36 00 000    3.31   -12.53    -0.76  -535.10     21.00     11.00    4.83     66887.0
 2011 08 06 11 37 00 000    2.78   -12.70    -0.01  -540.60     24.70     15.80    4.42     67694.0
 2011 08 06 11 38 00 000    3.12   -12.45    -1.32  -540.20     23.60     16.50    4.56     68138.0
 2011 08 06 11 39 00 000    3.59   -11.73    -2.85  -539.30     20.70     18.40    4.92     69281.0
 2011 08 06 11 40 00 000    3.52   -12.01    -2.56  -543.80     22.20     18.40    4.88     75239.0
 2011 08 06 11 41 00 000    3.07   -12.39    -1.33  -543.90     24.00     17.60    4.76     73786.0
 2011 08 06 11 42 00 000    2.91   -12.44    -0.36  -543.50     30.30     14.80    4.33     66881.0
 2011 08 06 11 43 00 000    2.25   -12.16     0.79  -541.80     18.40     18.30    5.01     68854.0
 2011 08 06 11 44 00 000    2.25   -11.72     1.14  -544.90     24.50     24.30    5.13     75331.0
 2011 08 06 11 45 00 000    1.65   -10.97     3.73  -547.60     30.10     29.20    5.20     80689.0
 2011 08 06 11 46 00 000    0.92    -9.90     4.30  -550.70     35.70     40.20    4.94     83230.0
 2011 08 06 11 47 00 000    1.88    -7.93     1.66  -550.80     35.80     40.40    4.94     83273.0
 2011 08 06 11 48 00 000    5.35   -11.27    -2.84  -534.60     18.00     12.80    3.86     46790.0
 2011 08 06 11 49 00 000    5.43   -10.50    -3.44  -534.60     18.00     12.80    3.86     46790.0
 2011 08 06 11 50 00 000    0.38    -5.35    -0.30  -527.50     -6.20      1.20    6.57     70835.0
 2011 08 06 11 51 00 000   -4.41     1.06     2.47  -526.20    -13.40     -1.70    7.62     81691.0
 2011 08 06 11 52 00 000   -0.52     1.97     0.04  -555.90     22.40     28.10    8.88    130816.0
 2011 08 06 11 53 00 000   -3.70     2.29     2.33  -554.50     21.80     27.70    9.03    129053.0
 2011 08 06 11 54 00 000   -3.49     3.07     1.60  -545.20     17.50     25.20   10.05    117181.0
 2011 08 06 11 55 00 000   -0.46     3.21    -0.20  -545.20     17.50     25.20   10.05    117181.0
 2011 08 06 11 56 00 000    5.28    -0.98    -3.22  -536.60     27.00     26.30   10.29    124965.0
 2011 08 06 11 57 00 000    5.43    -1.37    -4.69  -528.60     29.90     14.10   10.20    122021.0
 2011 08 06 11 58 00 000    4.93    -2.05    -4.31  -524.60     31.30      8.10   10.15    120516.0
 2011 08 06 11 59 00 000    4.54    -2.52    -4.01  -515.90     34.80      6.50    9.64    116225.0
 2011 08 06 12 00 00 000    4.75    -1.97    -3.75  -515.90     34.80      6.50    9.64    116225.0
 2011 08 06 12 01 00 000    3.12    -2.74    -3.38  -518.00     31.70     13.50   10.60    210672.0
 2011 08 06 12 02 00 000    2.78    -1.93    -2.82  -516.00     31.00     11.70   10.57    193548.0
 2011 08 06 12 03 00 000    0.72    -4.06     0.55  -512.50     29.70      8.50   10.51    164159.0
 2011 08 06 12 04 00 000   -0.13    -2.91     1.07  -519.10     35.10     14.00   11.19    108248.0
 2011 08 06 12 05 00 000   -0.74    -3.03     1.78  -519.80     35.60     14.40   11.20    106365.0
 2011 08 06 12 06 00 000   -1.05    -3.31     2.42  -522.80     38.30     14.80   11.01    112471.0
 2011 08 06 12 07 00 000   -1.82    -2.08     3.07  -524.90     41.50     17.80   10.52    113231.0
 2011 08 06 12 08 00 000   -1.47    -1.48     2.42  -526.00     43.20     19.40   10.25    113641.0
 2011 08 06 12 09 00 000   -2.17    -4.97     1.42  -525.60     44.50     19.50    9.83    114216.0
 2011 08 06 12 10 00 000   -2.82    -2.51     5.26  -523.70     50.10     20.10    7.99    116756.0
 2011 08 06 12 11 00 000   -2.52    -2.30     5.67  -523.70     50.10     20.10    7.99    116756.0
 2011 08 06 12 12 00 000   -3.38    -4.20     5.42  -532.70     46.20     38.60    6.32    111189.0
 2011 08 06 12 13 00 000   -3.03    -5.47     4.72  -532.70     46.20     38.60    6.32    111189.0
 2011 08 06 12 14 00 000   -2.94    -6.21     4.21  -532.20     51.80     44.50    6.30     85897.0
 2011 08 06 12 15 00 000   -2.58    -6.54     3.05  -530.50     51.70     35.80    6.47     78476.0
 2011 08 06 12 16 00 000   -2.34    -6.77     2.84  -529.60     51.60     31.30    6.55     74664.0
 2011 08 06 12 17 00 000   -1.81    -7.39     2.13  -522.60     49.10     28.40    6.20     82825.0
 2011 08 06 12 18 00 000   -1.10    -7.37     1.06  -523.60     47.40     29.20    6.26     81898.0
 2011 08 06 12 19 00 000   -0.45    -7.08     0.09  -528.60     38.90     33.00    6.63     77323.0
 2011 08 06 12 20 00 000   -0.88    -7.53     0.44  -520.90     34.30     22.60    5.80     72945.0
 2011 08 06 12 21 00 000   -0.92    -7.36     0.43  -520.20     33.90     21.70    5.72     72554.0
 2011 08 06 12 22 00 000    0.47    -8.28    -0.93  -525.20     23.00     28.70    5.18     62340.0
 2011 08 06 12 23 00 000    0.51    -8.14    -1.33  -525.10     23.10     28.30    5.16     62812.0
 2011 08 06 12 24 00 000    1.21    -8.14    -1.17  -523.20     26.40     20.10    4.66     73100.0
 2011 08 06 12 25 00 000    1.63    -7.70    -2.24  -525.10     25.40     24.50    5.03     91760.0
 2011 08 06 12 26 00 000   -1.23    -7.73     1.52  -526.10     24.90     26.90    5.23    101998.0
 2011 08 06 12 27 00 000   -2.23    -6.41     3.96  -520.60     28.60     14.20    5.77     80890.0
 2011 08 06 12 28 00 000   -2.49    -7.19     4.07  -520.20     29.20     14.10    5.68     80647.0
 2011 08 06 12 29 00 000   -2.36    -7.36     3.50  -514.20     39.40     14.00    4.18     79238.0
 2011 08 06 12 30 00 000   -2.42    -8.12     3.78  -516.00     42.40     15.80    3.80     71617.0
 2011 08 06 12 31 00 000   -2.27    -7.79     4.35  -517.40     44.80     17.30    3.49     65526.0
 2011 08 06 12 32 00 000   -2.96    -7.34     4.59  -515.60     41.50     13.90    3.24     56250.0
 2011 08 06 12 33 00 000   -2.64    -7.43     4.39  -515.60     41.50     13.90    3.24     56154.0
 2011 08 06 12 34 00 000   -2.64    -7.69     3.76  -518.10     39.00     23.00    3.76     81887.0
 2011 08 06 12 35 00 000   -1.90    -8.04     3.52  -518.10     39.00     23.00    3.76     81887.0
 2011 08 06 12 36 00 000   -1.99    -8.49     2.15  -512.60     38.00     18.80    3.38     71677.0
 2011 08 06 12 37 00 000   -1.20    -9.11     1.30  -514.10     35.90     14.70    3.05     85582.0
 2011 08 06 12 38 00 000   -1.50    -8.64     1.38  -515.00     34.90     12.30    2.85     93186.0
 2011 08 06 12 39 00 000   -1.21    -8.85     1.01  -511.60     44.30     16.60    3.13     64890.0
 2011 08 06 12 40 00 000    0.00    -8.90    -0.69  -524.30     48.60     37.00    2.74     70587.0
 2011 08 06 12 41 00 000    0.70    -8.60    -2.47  -530.30     50.70     46.70    2.56     73310.0
 2011 08 06 12 42 00 000   -1.49    -8.74     1.28  -530.40     30.30     31.50    2.62     71968.0
 2011 08 06 12 43 00 000   -1.12    -8.66     2.19  -528.90     30.70     27.30    2.63     71470.0
 2011 08 06 12 44 00 000   -2.19    -7.54     3.51  -513.60     34.90    -14.00    2.68     66565.0
 2011 08 06 12 45 00 000   -2.85    -6.77     4.94  -513.80     39.00      0.30    2.59     76711.0
 2011 08 06 12 46 00 000   -3.18    -5.42     6.39  -513.90     41.00      7.30    2.55     81665.0
 2011 08 06 12 47 00 000   -2.94    -6.20     5.90  -515.30     49.80     20.40    2.38     88692.0
 2011 08 06 12 48 00 000   -3.10    -6.31     5.21  -515.30     49.80     20.40    2.38     88701.0
 2011 08 06 12 49 00 000   -2.49    -6.54     3.84  -516.50     53.40     21.40    2.40     84298.0
 2011 08 06 12 50 00 000   -2.95    -3.49     7.35  -517.10     51.00     22.10    2.38     82917.0
 2011 08 06 12 51 00 000   -2.49    -2.85     7.69  -521.60     28.90     27.10    2.23     72847.0
 2011 08 06 12 52 00 000   -2.12    -5.09     5.95  -520.60     55.10     31.20    2.17     72964.0
 2011 08 06 12 53 00 000   -2.08    -3.86     6.87  -520.50     57.20     31.50    2.17     72973.0
 2011 08 06 12 54 00 000   -2.72    -5.02     4.92  -520.50     57.20     31.50    2.17     72973.0
 2011 08 06 12 55 00 000   -3.26    -5.31     4.49  -529.30     24.80     53.40    2.29     80955.0
 2011 08 06 12 56 00 000   -2.43    -5.81     4.16  -529.30     25.00     53.40    2.29     80684.0
 2011 08 06 12 57 00 000   -2.37    -5.39     5.20  -532.00     40.10     52.50    1.92     55357.0
 2011 08 06 12 58 00 000   -2.43    -4.96     4.87  -538.20     38.90     63.10    2.05     51918.0
 2011 08 06 12 59 00 000   -2.48    -4.29     4.95  -541.50     37.60     68.80    2.14     51021.0
 2011 08 06 13 00 00 000   -2.02    -4.35     5.18  -541.50     37.60     68.80    2.14     51021.0
 2011 08 06 13 01 00 000   -2.34    -3.39     5.55  -541.50     37.60     68.80    2.14     51021.0
 2011 08 06 13 02 00 000   -1.92    -4.46     4.70  -541.50     37.60     68.80    2.14     51021.0
 2011 08 06 13 03 00 000   -2.15    -6.80     2.87  -541.50     37.60     68.80    2.14     51021.0
 2011 08 06 13 04 00 000   -0.81    -7.80     0.71  -541.50     37.60     68.80    2.14     51021.0
 2011 08 06 13 05 00 000   -0.16    -7.85     1.03  -541.50     37.60     68.80    2.14     51021.0
 2011 08 06 13 06 00 000    0.64    -7.50    -1.01  -535.90     44.90     55.60    2.99     68343.0
 2011 08 06 13 07 00 000    0.15    -7.20     2.75  -535.90     44.90     55.60    2.99     68343.0
 2011 08 06 13 08 00 000   -0.01    -6.66     3.07  -533.90     56.70     54.10    4.41    170776.0
 2011 08 06 13 09 00 000   -0.60    -6.08     3.75  -541.30     44.00     57.40    4.11    124715.0
 2011 08 06 13 10 00 000   -1.55    -5.53     5.38  -553.50     42.80     58.50    4.02    109014.0
 2011 08 06 13 11 00 000   -2.37    -4.19     6.71  -557.10     48.50     57.50    4.11    122839.0
 2011 08 06 13 12 00 000   -2.41    -3.88     6.52  -561.90     34.70     60.30    3.40    125477.0
 2011 08 06 13 13 00 000   -2.26    -3.82     6.74  -566.40     35.90     56.40    3.50    126545.0
 2011 08 06 13 14 00 000   -3.37    -4.21     6.06  -566.40     35.90     56.40    3.50    126545.0
 2011 08 06 13 15 00 000   -2.30    -3.71     6.53  -553.00     32.30     49.20    3.07    120614.0
 2011 08 06 13 16 00 000   -2.69    -3.93     6.70  -553.00     32.30     49.20    3.07    120614.0
 2011 08 06 13 17 00 000   -2.21    -3.47     6.95  -553.00     32.30     49.20    3.07    120614.0
 2011 08 06 13 18 00 000   -1.97    -2.99     5.70  -546.10     49.90     73.30    2.73    139392.0
 2011 08 06 13 19 00 000   -2.47    -1.78     5.95  -548.90     15.60     61.60    2.63    207807.0
 2011 08 06 13 20 00 000   -2.56    -2.32     6.15  -549.10     10.10     60.30    2.54    209333.0
 2011 08 06 13 21 00 000   -2.45    -1.55     5.83  -546.50     35.90     70.10    2.52    139799.0
 2011 08 06 13 22 00 000   -3.07    -2.24     5.48  -546.50     35.90     70.10    2.52    139799.0
 2011 08 06 13 23 00 000   -3.29    -1.65     5.25  -564.30     11.20     49.20    2.28    265218.0
 2011 08 06 13 24 00 000   -3.33    -1.35     5.99  -562.40     11.90     50.00    2.27    265166.0
 2011 08 06 13 25 00 000   -3.09    -3.14     4.86  -534.40     22.40     62.10    2.16    264417.0
 2011 08 06 13 26 00 000   -3.39    -2.67     5.25  -535.30     19.00     67.00    2.25    263709.0
 2011 08 06 13 27 00 000   -4.02    -2.15     5.11  -538.40      7.00     84.10    2.57    261227.0
 2011 08 06 13 28 00 000   -3.69    -2.15     5.49  -544.10     15.80     86.00    2.60    349302.0
 2011 08 06 13 29 00 000   -4.17    -2.34     5.55  -547.40     20.70     87.00    2.61    399100.0
 2011 08 06 13 30 00 000   -4.29    -2.09     5.12  -547.40     20.70     87.00    2.61    399100.0
 2011 08 06 13 31 00 000   -4.12    -1.89     5.17  -554.10      3.10     38.70    2.46    323377.0
 2011 08 06 13 32 00 000   -4.63    -1.56     5.13  -554.10      3.10     38.70    2.46    323377.0
 2011 08 06 13 33 00 000   -4.46    -1.85     4.88  -554.10      3.10     38.70    2.46    323377.0
 2011 08 06 13 34 00 000   -3.50    -1.91     5.26  -554.10      3.10     38.70    2.46    323377.0
 2011 08 06 13 35 00 000   -3.97    -2.20     5.14  -554.10      3.10     38.70    2.46    323377.0
 2011 08 06 13 36 00 000   -5.13    -1.85     4.75  -528.40     18.90     70.50    2.87    282226.0
 2011 08 06 13 38 00 000   -4.92    -1.85     5.03  -528.40     18.90     70.50    2.87    282226.0
 2011 08 06 13 39 00 000   -5.18    -1.90     4.35  -528.40     18.90     70.50    2.87    282226.0
 2011 08 06 13 41 00 000   -5.68    -1.76     3.56  -528.40     18.90     70.50    2.87    282226.0
 2011 08 06 13 43 00 000   -6.11    -1.90     2.58  -528.40     18.90     70.50    2.87    282226.0
 2011 08 06 13 45 00 000   -6.48    -1.72     1.78  -528.40     18.90     70.50    2.87    282226.0
 2011 08 06 13 47 00 000   -6.64    -1.41     1.20  -528.40     18.90     70.50    2.87    282226.0
 2011 08 06 13 48 00 000   -6.64    -1.41     1.20  -528.40     18.90     70.50    2.87    282226.0
 2011 08 06 13 49 00 000   -6.74    -1.17     0.45  -494.90    -38.00    117.20    2.02    163655.0
 2011 08 06 13 50 00 000   -7.41    -1.23     0.38  -494.90    -38.00    117.20    2.02    163655.0
 2011 08 06 13 51 00 000   -7.40    -0.72    -0.17  -494.90    -38.00    117.20    2.02    163655.0
 2011 08 06 13 52 00 000   -7.11    -0.52    -0.58  -494.90    -38.00    117.20    2.02    163655.0
 2011 08 06 13 53 00 000   -7.08    -0.60     0.24  -494.90    -38.00    117.20    2.02    163655.0
 2011 08 06 13 54 00 000   -6.25     1.26     2.85  -501.30    -45.20     61.90    1.75    155883.0
 2011 08 06 13 55 00 000   -6.20     0.81     2.77  -501.70    -36.20     73.80    1.85    155149.0
 2011 08 06 13 56 00 000   -5.98     0.11     3.32  -498.90    -30.60     94.30    2.01    149373.0
 2011 08 06 13 57 00 000   -6.60    -0.27     2.14  -498.90    -30.60     94.30    2.01    149373.0
 2011 08 06 13 58 00 000   -6.39    -0.01     2.84  -498.90    -30.60     94.30    2.01    149373.0
 2011 08 06 13 59 00 000   -6.75     0.35     1.00  -492.40    -37.80     98.80    1.88    179831.0
 2011 08 06 14 00 00 000   -6.82     0.87     1.16  -493.50    -31.40     97.80    1.92    177357.0
 2011 08 06 14 01 00 000   -7.13     0.57     0.20  -493.50    -31.40     97.80    1.92    177357.0
 2011 08 06 14 02 00 000   -6.55    -0.10     1.77  -497.00    -36.60    106.20    2.03    143381.0
 2011 08 06 14 03 00 000   -6.10    -0.55     2.53  -500.20    -31.30    102.30    2.02    147627.0
 2011 08 06 14 04 00 000   -4.51    -1.95     3.38  -505.10     -3.80     99.00    1.93    180662.0
 2011 08 06 14 05 00 000   -5.54    -0.85     2.04  -504.90    -23.40    107.80    2.04    180410.0
 2011 08 06 14 06 00 000   -4.97     2.24     5.54  -494.60    -41.50     91.50    1.74    184661.0
 2011 08 06 14 07 00 000   -4.25     0.47     4.41  -486.70    -53.60     31.00    1.29    232112.0
 2011 08 06 14 08 00 000   -3.86     1.56     4.55  -486.70    -53.60     31.00    1.29    232112.0
 2011 08 06 14 09 00 000   -4.73     0.52     5.17  -479.40     54.70     59.60    0.93    241575.0
 2011 08 06 14 10 00 000   -4.57    -1.63     4.75  -479.40     54.70     59.60    0.93    241575.0
 2011 08 06 14 11 00 000   -5.02    -2.72     4.74  -480.60     54.60     71.40    0.87    281456.0
 2011 08 06 14 12 00 000   -5.16    -2.47     4.95  -480.80     54.60     73.00    0.86    287039.0
 2011 08 06 14 13 00 000   -5.21    -1.95     4.41  -480.80     54.60     73.00    0.86    287039.0
 2011 08 06 14 14 00 000   -5.70    -1.02     4.90  -480.80     54.60     73.00    0.86    287039.0
 2011 08 06 14 15 00 000   -5.27     2.63     4.44  -480.80     54.60     73.00    0.86    287039.0
 2011 08 06 14 16 00 000   -4.79     3.04     5.43  -478.80     10.70     54.90    1.01    114481.0
 2011 08 06 14 17 00 000   -5.18     0.77     4.48  -480.30     15.00     60.40    1.09    134415.0
 2011 08 06 14 18 00 000   -5.38     0.85     5.41  -486.40     32.40     82.80    1.43    214834.0
 2011 08 06 14 19 00 000   -5.53     0.79     4.66  -468.90     -8.30     80.80    1.43    164728.0
 2011 08 06 14 20 00 000   -5.05     1.71     5.38  -469.00    -23.20     92.30    1.50    193391.0
 2011 08 06 14 21 00 000   -4.23     2.54     5.37  -469.00    -23.20     92.30    1.50    193391.0
 2011 08 06 14 22 00 000   -1.04     5.20     4.75  -469.00    -23.20     92.30    1.50    193391.0
 2011 08 06 14 23 00 000   -2.78     4.00     4.68  -444.80     56.50     71.90    1.62    112960.0
 2011 08 06 14 24 00 000   -2.01     4.46     4.56  -444.80     56.50     71.90    1.62    112960.0
 2011 08 06 14 25 00 000   -0.20     4.94     4.25  -444.80     56.50     71.90    1.62    112960.0
 2011 08 06 14 26 00 000   -0.48     5.12     4.15  -444.80     56.50     71.90    1.62    112960.0
 2011 08 06 14 27 00 000   -1.42     3.91     4.77  -420.70     70.50     71.80    1.77    119214.0
 2011 08 06 14 28 00 000   -3.87    -1.17     3.11  -424.80     64.30     72.80    1.71    128137.0
 2011 08 06 14 29 00 000    0.49    -3.59    -0.65  -447.70     29.50     78.20    1.38    178057.0
 2011 08 06 14 30 00 000    2.16    -5.96    -2.30  -443.30     24.70     38.10    1.17    163075.0
 2011 08 06 14 31 00 000    3.10    -5.17    -3.07  -433.80     33.70     42.50    1.22    171210.0
 2011 08 06 14 32 00 000    3.47    -4.65    -3.20  -430.50     39.90     50.70    1.06    200028.0
 2011 08 06 14 33 00 000    2.59    -5.78    -1.80  -445.70     44.10     74.50    1.22    278766.0
 2011 08 06 14 34 00 000    2.17    -6.94    -0.58  -474.50     13.30     75.40    0.86    213100.0
 2011 08 06 14 35 00 000    2.81    -6.59    -0.27  -492.70     -2.50     79.20    0.71    192640.0
 2011 08 06 14 36 00 000    1.92    -7.00    -0.28  -492.70     -2.50     79.20    0.71    192640.0
 2011 08 06 14 37 00 000    1.31    -7.20    -0.41  -492.70     -2.50     79.20    0.71    192640.0
 2011 08 06 14 38 00 000    1.29    -0.51    -0.75  -532.60    -21.00    101.00    1.08    175128.0
 2011 08 06 14 39 00 000    2.81    -3.69    -1.84  -522.60    -12.20    106.00    1.03    184306.0
 2011 08 06 14 40 00 000    2.81    -5.01    -1.74  -512.40     -3.90    111.80    0.94    198801.0
 2011 08 06 14 41 00 000    4.27    -4.92    -6.00  -581.90    -61.50    135.70    0.67    173021.0
 2011 08 06 14 42 00 000    4.57    -4.45    -5.72  -578.50    -55.10    134.70    0.68    215269.0
 2011 08 06 14 43 00 000    4.38    -5.57    -5.01  -566.30    -98.40    134.20    0.64    250282.0
 2011 08 06 14 44 00 000    4.26    -5.53    -4.64  -575.80    -84.50    135.40    0.67    242668.0
 2011 08 06 14 45 00 000    4.24    -5.59    -5.39  -578.90    -57.50    143.10    0.65    210415.0
 2011 08 06 14 46 00 000    3.93    -5.57    -3.53  -583.50    -43.60    136.50    0.63    215978.0
 2011 08 06 14 47 00 000    3.64    -6.26    -3.47  -555.90    -42.50    151.10    0.76    273102.0
 2011 08 06 14 48 00 000    4.22    -6.26    -4.52  -552.80    -37.80    149.90    0.73    278679.0
 2011 08 06 14 49 00 000    4.31    -5.82    -4.98  -576.10    -31.90    129.70    0.42    198883.0
 2011 08 06 14 50 00 000    3.23    -5.08    -6.06  -577.90    -31.50    128.20    0.39    192789.0
 2011 08 06 14 51 00 000    3.18    -5.90    -5.33  -538.50    -72.90    152.90    0.87    263059.0
 2011 08 06 14 52 00 000    3.41    -5.29    -6.07  -539.00    -72.90    151.10    0.85    256375.0
 2011 08 06 14 53 00 000    2.49    -5.32    -6.47  -542.50    -73.10    138.10    0.68    206551.0
 2011 08 06 14 54 00 000    4.32    -4.75    -6.22  -542.50    -73.10    138.10    0.68    206551.0
 2011 08 06 14 55 00 000    3.17    -5.24    -6.26  -542.50    -73.10    138.10    0.68    206551.0
 2011 08 06 14 56 00 000    3.10    -5.28    -6.24  -523.30    -82.70    147.20    0.93    175244.0
 2011 08 06 14 57 00 000    3.17    -5.25    -6.27  -523.30    -82.70    147.20    0.93    175244.0
 2011 08 06 14 58 00 000    3.30    -5.41    -6.17  -531.70    -77.80    133.00    0.81    184502.0
 2011 08 06 14 59 00 000    3.59    -5.23    -6.13  -534.00    -76.50    129.10    0.77    187027.0
 2011 08 06 15 00 00 000    2.84    -6.31    -5.20  -534.00    -76.50    129.10    0.77    187027.0
 2011 08 06 15 01 00 000    2.83    -6.35    -5.36  -524.10    -51.40    138.40    0.72    197048.0
 2011 08 06 15 02 00 000    3.50    -5.19    -6.01  -527.20    -59.50    136.80    0.72    176751.0
 2011 08 06 15 03 00 000    4.05    -5.41    -5.78  -531.90    -71.60    134.40    0.72    146589.0
 2011 08 06 15 04 00 000    4.38    -5.58    -5.27  -531.90    -71.60    134.40    0.72    146589.0
 2011 08 06 15 05 00 000    3.36    -5.82    -5.65  -531.90    -71.60    134.40    0.72    146589.0
 2011 08 06 15 06 00 000    3.61    -5.67    -5.52  -517.60    -52.30    143.30    0.67    165548.0
 2011 08 06 15 07 00 000    3.89    -6.34    -4.59  -520.40    -52.60    142.60    0.67    167251.0
 2011 08 06 15 08 00 000    4.17    -6.19    -4.46  -546.80    -55.00    136.30    0.64    183146.0
 2011 08 06 15 09 00 000    5.09    -5.42    -4.24  -569.90    -46.10    129.70    0.64    239740.0
 2011 08 06 15 10 00 000    4.61    -5.71    -4.43  -559.80    -43.00    132.70    0.67    224092.0
 2011 08 06 15 12 00 000    5.10    -4.73    -5.01  -541.70    -42.90    137.90    0.71    189089.0
 2011 08 06 15 13 00 000    4.94    -4.80    -5.25  -541.70    -42.90    137.90    0.71    189089.0
 2011 08 06 15 14 00 000    4.56    -4.99    -5.42  -570.60    -42.90    149.80    0.55    174139.0
 2011 08 06 15 15 00 000    4.65    -4.96    -5.32  -570.60    -42.90    149.80    0.55    174139.0
 2011 08 06 15 16 00 000    4.85    -5.03    -5.05  -572.20    -51.10    172.20    0.50    223867.0
 2011 08 06 15 17 00 000    4.87    -5.44    -4.68  -571.10    -49.90    167.00    0.51    224619.0
 2011 08 06 15 18 00 000    4.96    -5.83    -4.07  -566.80    -43.10    132.60    0.55    217902.0
 2011 08 06 15 19 00 000    4.90    -6.10    -3.96  -571.60    -41.40    114.10    0.50    185091.0
 2011 08 06 15 20 00 000    4.66    -6.11    -4.28  -580.30    -26.90    135.50    0.42    187835.0
 2011 08 06 15 21 00 000    3.99    -6.32    -4.57  -580.30    -26.90    135.50    0.42    187835.0
 2011 08 06 15 22 00 000    4.25    -6.05    -4.50  -578.70    -28.60    128.40    0.41    168457.0
 2011 08 06 15 23 00 000    4.00    -6.13    -4.43  -578.40    -28.90    127.00    0.41    164884.0
 2011 08 06 15 24 00 000    4.22    -6.24    -3.29  -585.40      3.70    116.80    0.38    241718.0
 2011 08 06 15 25 00 000    4.42    -6.54    -2.32  -590.50     -2.40     96.70    0.41    216140.0
 2011 08 06 15 26 00 000    3.96    -6.46    -2.68  -584.70     14.40     92.90    0.38    163167.0
 2011 08 06 15 27 00 000    3.97    -6.11    -2.69  -584.70     14.40     92.90    0.38    163167.0
 2011 08 06 15 28 00 000    3.95    -5.67    -3.19  -584.70     14.40     92.90    0.38    163167.0
 2011 08 06 15 29 00 000    3.68    -6.00    -2.36  -581.70     -0.30    133.70    0.47    245259.0
 2011 08 06 15 30 00 000    3.95    -5.83    -2.57  -579.60     -4.60    128.50    0.48    253344.0
 2011 08 06 15 31 00 000    3.36    -6.23    -2.28  -555.10    -45.40     68.40    0.62    336601.0
 2011 08 06 15 32 00 000    4.06    -5.87    -0.94  -547.20     -7.00     50.50    0.54    305027.0
 2011 08 06 15 33 00 000    3.95    -5.80    -1.63  -559.10    -11.50     51.30    0.68    408586.0
 2011 08 06 15 34 00 000    3.94    -6.02    -1.11  -559.50    -11.80     51.30    0.69    411978.0
 2011 08 06 15 35 00 000    3.70    -5.94    -1.87  -549.70    -23.00     48.30    0.51    409983.0
 2011 08 06 15 36 00 000    3.27    -5.64    -1.74  -548.00    -26.10     48.20    0.54    411011.0
 2011 08 06 15 37 00 000    2.75    -5.75    -0.57  -532.00    -55.70     47.00    0.75    420643.0
 2011 08 06 15 38 00 000    2.75    -5.68    -0.24  -527.70    -63.60     46.70    0.82    423237.0
 2011 08 06 15 39 00 000    2.80    -5.73    -0.26  -527.70    -63.60     46.70    0.82    423237.0
 2011 08 06 15 40 00 000    4.00    -5.29     1.89  -617.20     43.80      9.90    0.36    214065.0
 2011 08 06 15 41 00 000    4.02    -5.39     1.69  -611.90     44.60      7.10    0.38    224365.0
 2011 08 06 15 42 00 000    3.88    -5.65     1.36  -530.20     46.70     72.30    0.80    532533.0
 2011 08 06 15 43 00 000    4.12    -5.24     1.64  -534.00      6.40     61.80    0.75    535597.0
 2011 08 06 15 44 00 000    3.99    -4.89     2.68  -545.90    -78.30     22.20    0.66    618753.0
 2011 08 06 15 45 00 000    3.13    -4.02     2.09  -547.30    -51.90     11.10    0.70    695256.0
 2011 08 06 15 46 00 000    3.66    -4.49     1.82  -538.20    -84.40      5.70    0.65    614719.0
 2011 08 06 15 47 00 000    3.46    -3.62     3.45  -538.20    -84.40      5.70    0.65    614719.0
 2011 08 06 15 48 00 000    2.47    -2.60     4.09  -538.20    -84.40      5.70    0.65    614719.0
 2011 08 06 15 49 00 000    1.84    -1.61     4.84  -538.20    -84.40      5.70    0.65    614719.0
 2011 08 06 15 51 00 000    2.24    -2.02     5.06  -495.90   -166.00     64.90    0.62    476962.0
 2011 08 06 15 52 00 000    1.88    -1.60     5.79  -495.90   -166.00     64.90    0.62    476962.0
 2011 08 06 15 53 00 000    1.66    -1.27     5.49  -495.90   -166.00     64.90    0.62    476962.0
 2011 08 06 15 54 00 000    2.73    -2.48     4.80  -586.60     24.40    -39.30    0.64    381414.0
 2011 08 06 15 55 00 000    2.99    -2.72     4.60  -587.60     20.50    -43.20    0.65    441110.0
 2011 08 06 15 56 00 000    2.78    -2.60     4.73  -567.50     25.10    -16.30    0.64    697605.0
 2011 08 06 15 57 00 000    3.38    -4.17     4.22  -551.60     31.90      7.20    0.61    839549.0
 2011 08 06 15 58 00 000    2.07    -2.61     4.22  -584.90      7.20    -31.50    0.54    574076.0
 2011 08 06 15 59 00 000   -0.84    -2.35     3.17  -590.20     16.50     -2.50    0.55    544655.0
 2011 08 06 16 00 00 000   -0.85    -0.97     3.87  -597.20     28.60     35.20    0.56    506521.0
 2011 08 06 16 01 00 000   -0.72     0.75     3.21  -597.20     28.60     35.20    0.56    506521.0
 2011 08 06 16 02 00 000    1.53    -0.63     4.52  -597.20     28.60     35.20    0.56    506521.0
 2011 08 06 16 03 00 000    1.36    -1.70     4.17  -597.20     28.60     35.20    0.56    506521.0
 2011 08 06 16 04 00 000    1.42    -1.47     4.11  -597.20     28.60     35.20    0.56    506521.0
 2011 08 06 16 05 00 000    0.60    -0.66     4.21  -553.00    -31.80    -45.90    0.53    937765.0
 2011 08 06 16 06 00 000   -0.50     0.18     4.01  -553.00    -31.80    -45.90    0.53    937765.0
 2011 08 06 16 07 00 000    1.83    -0.27     4.98  -553.00    -31.80    -45.90    0.53    937765.0
 2011 08 06 16 08 00 000    1.07     0.03     4.89  -535.90   -116.50     62.10    0.48   1681228.0
 2011 08 06 16 09 00 000    0.96    -0.12     5.01  -531.00    -80.60     61.30    0.46   1482252.0
 2011 08 06 16 10 00 000    1.84    -0.47     4.99  -528.90    -65.40     61.00    0.45   1397792.0
 2011 08 06 16 11 00 000    1.54    -0.51     5.04  -571.80   -118.40     45.00    0.39   1346769.0
 2011 08 06 16 12 00 000    1.70    -0.72     4.89  -571.80   -118.40     45.00    0.39   1346769.0
 2011 08 06 16 13 00 000    2.14    -0.69     4.74  -571.80   -118.40     45.00    0.39   1346769.0
 2011 08 06 16 14 00 000    1.94    -1.27     4.29  -571.80   -118.40     45.00    0.39   1346769.0
 2011 08 06 16 15 00 000    0.57    -0.14     3.92  -542.70     -8.90    -30.70    0.43   1217855.0
 2011 08 06 16 16 00 000    1.45    -0.56     4.40  -551.20     -6.20     -0.50    0.45   1104718.0
 2011 08 06 16 17 00 000   -1.94     2.21     3.67  -559.80     -3.40     29.80    0.47    991700.0
 2011 08 06 16 18 00 000   -1.09     1.23     4.23  -559.80     -3.40     29.80    0.47    991700.0
 2011 08 06 16 19 00 000   -1.48     0.94     4.38  -559.80     -3.40     29.80    0.47    991700.0
 2011 08 06 16 20 00 000   -0.22     0.49     5.29  -559.80     -3.40     29.80    0.47    991700.0
 2011 08 06 16 21 00 000   -1.41     0.90     4.92  -559.80     -3.40     29.80    0.47    991700.0
 2011 08 06 16 22 00 000   -1.04     1.75     5.28  -559.80     -3.40     29.80    0.47    991700.0
 2011 08 06 16 24 00 000   -2.73     1.45     3.87  -559.80     -3.40     29.80    0.47    991700.0
 2011 08 06 16 26 00 000   -1.80     0.97     3.87  -559.80     -3.40     29.80    0.47    991700.0
 2011 08 06 16 27 00 000   -1.29     0.78     4.19  -559.80     -3.40     29.80    0.47    991700.0
 2011 08 06 16 28 00 000   -0.85     1.17     3.85  -559.80     -3.40     29.80    0.47    991700.0
 2011 08 06 16 29 00 000   -0.19     1.43     3.82  -559.80     -3.40     29.80    0.47    991700.0
 2011 08 06 16 30 00 000    0.14     1.56     3.76  -559.80     -3.40     29.80    0.47    991700.0
 2011 08 06 16 31 00 000    0.14     1.55     3.76  -559.80     -3.40     29.80    0.47    991700.0
 2011 08 06 16 32 00 000   -0.06     1.32     3.89  -559.80     -3.40     29.80    0.47    991700.0
 2011 08 06 16 33 00 000   -0.45     1.67     4.00  -559.80     -3.40     29.80    0.47    991700.0
 2011 08 06 16 34 00 000   -0.15     1.34     4.34  -559.80     -3.40     29.80    0.47    991700.0
 2011 08 06 16 35 00 000    0.61     1.12     4.36  -554.20    -56.50    -44.30    0.33   1000547.0
 2011 08 06 16 36 00 000    1.57     1.02     4.38  -554.20    -56.50    -44.30    0.33   1000547.0
 2011 08 06 16 37 00 000    2.16     0.72     4.19  -554.20    -56.50    -44.30    0.33   1000547.0
 2011 08 06 16 38 00 000    0.04     1.43     2.93  -503.40   -291.30     46.80    0.34   1014600.0
 2011 08 06 16 39 00 000    0.17     1.80     2.45  -503.40   -291.30     46.80    0.34   1014600.0
 2011 08 06 16 40 00 000    0.52     1.70     3.12  -503.40   -291.30     46.80    0.34   1014600.0
 2011 08 06 16 41 00 000    2.08    -0.15     3.35  -503.40   -291.30     46.80    0.34   1014600.0
 2011 08 06 16 42 00 000   -0.70     0.29     1.55  -499.80    -75.40     28.00    0.37   1293058.0
 2011 08 06 16 43 00 000   -1.11    -0.48     1.71  -512.90    -81.10     24.40    0.37   1157802.0
 2011 08 06 16 44 00 000   -1.67     2.42     3.69  -500.30   -161.10      5.50    0.40   1118097.0
 2011 08 06 16 45 00 000   -1.41     0.70     4.45  -476.10   -230.90     -9.00    0.43   1207924.0
 2011 08 06 16 46 00 000   -0.25    -0.01     4.63  -476.10   -230.90     -9.00    0.43   1207924.0
 2011 08 06 16 47 00 000   -0.66    -0.57     3.88  -476.10   -230.90     -9.00    0.43   1207924.0
 2011 08 06 16 48 00 000   -1.38     1.46     3.73  -476.10   -230.90     -9.00    0.43   1207924.0
 2011 08 06 16 49 00 000   -1.45     1.73     3.61  -476.10   -230.90     -9.00    0.43   1207924.0
 2011 08 06 16 50 00 000   -1.69     2.17     3.28  -476.10   -230.90     -9.00    0.43   1207924.0
 2011 08 06 16 51 00 000   -1.32     1.71     3.42  -476.10   -230.90     -9.00    0.43   1207924.0
 2011 08 06 16 52 00 000    1.14     0.00     4.09  -476.10   -230.90     -9.00    0.43   1207924.0
 2011 08 06 16 53 00 000    1.23     0.04     4.06  -476.10   -230.90     -9.00    0.43   1207924.0
 2011 08 06 16 54 00 000    2.36     1.67     3.37  -597.30   -204.70    -25.90    0.39    699153.0
 2011 08 06 16 55 00 000    1.71     3.21     3.14  -597.30   -204.70    -25.90    0.39    699153.0
 2011 08 06 16 56 00 000    1.27     3.74     3.04  -591.30   -207.40    -30.00    0.39    707204.0
 2011 08 06 16 57 00 000    1.46     4.38     2.36  -545.10   -228.10    -61.20    0.38    771304.0
 2011 08 06 16 58 00 000    0.97     3.82     2.56  -505.90   -221.60     39.90    0.46   1410236.0
 2011 08 06 16 59 00 000    0.92     2.68     2.86  -540.40   -197.80     -2.30    0.36    860850.0
 2011 08 06 17 00 00 000    0.93     2.73     2.62  -562.30   -168.60    -62.50    0.36    644341.0
 2011 08 06 17 01 00 000    3.31     2.77     3.03  -558.30   -172.80    -75.50    0.37    644340.0
 2011 08 06 17 02 00 000    1.11     5.01     0.50  -558.30   -172.80    -75.50    0.37    644340.0
 2011 08 06 17 03 00 000    1.14     5.42     0.86  -558.30   -172.80    -75.50    0.37    644340.0
 2011 08 06 17 04 00 000    0.86     5.77     0.99  -558.30   -172.80    -75.50    0.37    644340.0
 2011 08 06 17 05 00 000    0.38     5.41     0.77  -558.30   -172.80    -75.50    0.37    644340.0
 2011 08 06 17 06 00 000   -0.18     5.47    -1.09  -558.30   -172.80    -75.50    0.37    644340.0
 2011 08 06 17 09 00 000    0.86     5.41     0.83  -558.30   -172.80    -75.50    0.37    644340.0
 2011 08 06 17 10 00 000    1.13     4.83     2.57  -558.30   -172.80    -75.50    0.37    644340.0
 2011 08 06 17 11 00 000    3.05     4.17     3.36  -602.30   -202.30    -87.30    0.30    560126.0
 2011 08 06 17 12 00 000    1.96     4.59     3.32  -602.30   -202.30    -87.30    0.30    560126.0
 2011 08 06 17 13 00 000    1.85     4.49     3.07  -602.30   -202.30    -87.30    0.30    560126.0
 2011 08 06 17 14 00 000    2.62     3.67     3.72  -602.30   -202.30    -87.30    0.30    560126.0
 2011 08 06 17 15 00 000    1.68     4.20     3.30  -552.40   -223.80    -57.70    0.32    716378.0
 2011 08 06 17 16 00 000    0.51     5.04     1.77  -555.10   -229.80    -55.60    0.31    814182.0
 2011 08 06 17 17 00 000   -0.24     5.34     0.77  -556.40   -232.60    -54.60    0.31    859623.0
 2011 08 06 17 18 00 000   -1.22     5.23    -0.29  -556.40   -232.60    -54.60    0.31    859623.0
 2011 08 06 17 19 00 000   -1.49     5.09    -0.45  -556.40   -232.60    -54.60    0.31    859623.0
 2011 08 06 17 20 00 000   -1.94     4.84    -1.16  -556.40   -232.60    -54.60    0.31    859623.0
 2011 08 06 17 21 00 000   -1.70     4.67    -0.51  -556.40   -232.60    -54.60    0.31    859623.0
 2011 08 06 17 22 00 000   -1.30     4.84    -0.40  -556.40   -232.60    -54.60    0.31    859623.0
 2011 08 06 17 23 00 000   -0.76     4.77     0.57  -556.40   -232.60    -54.60    0.31    859623.0
 2011 08 06 17 24 00 000   -1.43     5.51     0.93  -556.40   -232.60    -54.60    0.31    859623.0
 2011 08 06 17 25 00 000   -1.61     5.30    -0.05  -556.40   -232.60    -54.60    0.31    859623.0
 2011 08 06 17 26 00 000   -1.12     5.20    -0.25  -556.40   -232.60    -54.60    0.31    859623.0
 2011 08 06 17 27 00 000   -1.12     5.20    -0.25  -556.40   -232.60    -54.60    0.31    859623.0
 2011 08 06 17 28 00 000   -1.75     3.33     1.29  -556.40   -232.60    -54.60    0.31    859623.0
 2011 08 06 17 29 00 000   -1.59     4.98    -0.61  -556.40   -232.60    -54.60    0.31    859623.0
 2011 08 06 17 30 00 000   -1.12     4.93     0.58  -556.40   -232.60    -54.60    0.31    859623.0
 2011 08 06 17 31 00 000   -1.21     4.34     2.34  -556.40   -232.60    -54.60    0.31    859623.0
 2011 08 06 17 32 00 000   -0.33     1.33     3.39  -556.40   -232.60    -54.60    0.31    859623.0
 2011 08 06 17 33 00 000   -0.63    -0.49     4.65  -459.70   -103.70   -119.50    0.35    617161.0
 2011 08 06 17 34 00 000   -1.11    -3.79     1.31  -459.70   -103.70   -119.50    0.35    617161.0
 2011 08 06 17 35 00 000   -1.09    -3.47     3.45  -437.50    -20.60      4.90    0.31    688448.0
 2011 08 06 17 36 00 000   -1.34    -5.23     0.08  -437.40    -20.20      5.50    0.31    688786.0
 2011 08 06 17 37 00 000   -0.81    -3.97     3.56  -437.40    -20.20      5.50    0.31    688786.0
 2011 08 06 17 38 00 000   -0.66    -3.53     3.99  -450.00     61.10      0.00    0.32    441856.0
 2011 08 06 17 39 00 000   -1.19    -5.69     1.92  -450.00     61.10      0.00    0.32    441856.0
 2011 08 06 17 40 00 000   -1.17    -3.17     3.87  -450.00     61.10      0.00    0.32    441856.0
 2011 08 06 17 41 00 000   -1.33    -2.76     4.61  -453.40     43.00     11.20    0.31    331477.0
 2011 08 06 17 42 00 000   -1.90    -5.63     3.05  -453.40     43.00     11.20    0.31    331477.0
 2011 08 06 17 43 00 000   -1.23    -2.23     4.71  -453.40     43.00     11.20    0.31    331477.0
 2011 08 06 17 44 00 000   -1.56    -4.33     3.86  -453.40     43.00     11.20    0.31    331477.0
 2011 08 06 17 45 00 000   -0.81    -0.39     6.11  -461.30   -124.70   -121.50    0.38    413377.0
 2011 08 06 17 46 00 000   -1.37    -4.90     3.97  -461.30   -124.70   -121.50    0.38    413377.0
 2011 08 06 17 47 00 000   -1.08    -1.15     5.91  -392.00     55.80    -41.20    0.24    161460.0
 2011 08 06 17 48 00 000   -1.72    -4.88     4.51  -392.40     57.80    -27.30    0.26    266211.0
 2011 08 06 17 49 00 000   -1.38    -3.67     5.06  -393.00     65.70      1.70    0.31    485636.0
 2011 08 06 17 50 00 000   -1.15    -2.91     5.39  -387.90    114.90     -3.00    0.29    450794.0
 2011 08 06 17 51 00 000   -1.11    -1.88     5.94  -387.90    114.90     -3.00    0.29    450794.0
 2011 08 06 17 52 00 000   -0.39    -1.17     6.38  -387.90    114.90     -3.00    0.29    450794.0
 2011 08 06 17 53 00 000   -0.75    -4.32     5.46  -421.90     62.80    -27.90    0.35    253102.0
 2011 08 06 17 54 00 000   -0.28    -3.68     5.56  -415.90     94.40    -10.30    0.34    230567.0
 2011 08 06 17 55 00 000    0.96    -3.77     4.97  -407.90    136.10     13.00    0.32    200795.0
 2011 08 06 17 56 00 000   -0.21    -2.87     5.24  -458.20    -87.60   -123.00    0.38    389138.0
 2011 08 06 17 57 00 000   -0.79    -5.19     3.72  -453.80      7.00    -48.20    0.35    372542.0
 2011 08 06 17 58 00 000   -1.03    -5.65     3.41  -429.00    108.10     56.60    0.32    357174.0
 2011 08 06 17 59 00 000   -0.69    -3.63     5.43  -414.90     89.00     13.00    0.33    311326.0
 2011 08 06 18 00 00 000   -0.75    -2.49     5.27  -418.80     63.90    -73.50    0.31    246802.0
 2011 08 06 18 01 00 000    0.44     0.84     6.66  -418.80     63.90    -73.50    0.31    246802.0
 2011 08 06 18 02 00 000   -0.10    -2.06     5.54  -435.30     33.00    -15.30    0.36    489506.0
 2011 08 06 18 03 00 000   -0.02    -2.38     5.47  -450.60    -15.10    -69.30    0.34    430079.0
 2011 08 06 18 04 00 000   -0.92    -2.02     5.89  -473.40    -86.60   -149.50    0.31    341766.0
 2011 08 06 18 05 00 000   -0.99    -1.36     6.09  -473.40    -86.60   -149.50    0.31    341766.0
 2011 08 06 18 06 00 000   -0.35    -0.65     6.65  -473.40    -86.60   -149.50    0.31    341766.0
 2011 08 06 18 07 00 000   -0.53    -2.33     6.15  -487.10    -71.50   -121.80    0.31    167771.0
 2011 08 06 18 08 00 000   -0.99    -2.98     5.72  -429.60      4.80    -72.20    0.35    348012.0
 2011 08 06 18 09 00 000   -0.79    -0.46     6.78  -398.30     44.40    -45.30    0.38    455714.0
 2011 08 06 18 10 00 000    0.26    -0.13     7.11  -458.00   -124.90    -96.80    0.26    746764.0
 2011 08 06 18 11 00 000    1.23    -2.13     6.58  -458.00   -124.90    -96.80    0.26    746764.0
 2011 08 06 18 12 00 000    1.36    -2.06     6.75  -458.00   -124.90    -96.80    0.26    746764.0
 2011 08 06 18 13 00 000    0.28    -0.63     7.00  -469.50   -100.30    -83.40    0.27    348713.0
 2011 08 06 18 14 00 000   -2.38     2.97     5.12  -469.50   -100.30    -83.40    0.27    348713.0
 2011 08 06 18 15 00 000   -2.83     3.56     3.08  -487.40   -106.70   -110.70    0.41    633150.0
 2011 08 06 18 16 00 000   -3.93     5.33     1.78  -487.40   -106.70   -110.70    0.41    633150.0
 2011 08 06 18 17 00 000   -3.97     4.88     2.89  -487.40   -106.70   -110.70    0.41    633150.0
 2011 08 06 18 18 00 000   -4.93     5.15     0.62  -487.40   -106.70   -110.70    0.41    633150.0
 2011 08 06 18 19 00 000   -4.87     5.43     0.47  -487.40   -106.70   -110.70    0.41    633150.0
 2011 08 06 18 20 00 000   -4.77     5.04    -0.06  -487.40   -106.70   -110.70    0.41    633150.0
 2011 08 06 18 21 00 000   -4.97     5.01     0.46  -487.40   -106.70   -110.70    0.41    633150.0
 2011 08 06 18 22 00 000   -5.23     4.73    -0.23  -487.40   -106.70   -110.70    0.41    633150.0
 2011 08 06 18 23 00 000   -4.98     5.11     0.39  -487.40   -106.70   -110.70    0.41    633150.0
 2011 08 06 18 24 00 000   -4.96     5.09    -0.23  -487.40   -106.70   -110.70    0.41    633150.0
 2011 08 06 18 25 00 000   -5.28     4.32    -0.58  -487.40   -106.70   -110.70    0.41    633150.0
 2011 08 06 18 26 00 000   -4.95     5.13     0.19  -487.40   -106.70   -110.70    0.41    633150.0
 2011 08 06 18 27 00 000   -4.05     5.59     1.62  -487.40   -106.70   -110.70    0.41    633150.0
 2011 08 06 18 28 00 000   -5.39     4.85    -0.53  -487.40   -106.70   -110.70    0.41    633150.0
 2011 08 06 18 29 00 000   -5.31     5.01     0.06  -487.40   -106.70   -110.70    0.41    633150.0
 2011 08 06 18 30 00 000   -5.04     5.22     0.49  -487.40   -106.70   -110.70    0.41    633150.0
 2011 08 06 18 31 00 000   -5.26     5.05     0.23  -487.40   -106.70   -110.70    0.41    633150.0
 2011 08 06 18 32 00 000   -5.54     4.71     0.18  -487.40   -106.70   -110.70    0.41    633150.0
 2011 08 06 18 33 00 000   -5.70     4.55    -0.01  -487.40   -106.70   -110.70    0.41    633150.0
 2011 08 06 18 34 00 000   -5.90     4.11    -0.63  -487.40   -106.70   -110.70    0.41    633150.0
 2011 08 06 18 35 00 000   -5.88     3.84    -0.79  -487.40   -106.70   -110.70    0.41    633150.0
 2011 08 06 18 36 00 000   -4.24     5.32     0.96  -487.40   -106.70   -110.70    0.41    633150.0
 2011 08 06 18 37 00 000   -2.12     6.31     3.14  -487.40   -106.70   -110.70    0.41    633150.0
 2011 08 06 18 38 00 000   -2.07     6.41     2.40  -487.40   -106.70   -110.70    0.41    633150.0
 2011 08 06 18 39 00 000   -3.01     6.19     1.71  -487.40   -106.70   -110.70    0.41    633150.0
 2011 08 06 18 40 00 000   -1.96     6.48     2.37  -487.40   -106.70   -110.70    0.41    633150.0
 2011 08 06 18 41 00 000   -4.48     5.37     0.02  -487.40   -106.70   -110.70    0.41    633150.0
 2011 08 06 18 42 00 000   -3.95     5.49     0.55  -487.40   -106.70   -110.70    0.41    633150.0
 2011 08 06 18 43 00 000   -3.10     5.62     0.34  -487.40   -106.70   -110.70    0.41    633150.0
 2011 08 06 18 44 00 000   -2.34     5.46     1.38  -487.40   -106.70   -110.70    0.41    633150.0
 2011 08 06 18 45 00 000   -2.03     5.67     0.88  -487.40   -106.70   -110.70    0.41    633150.0
 2011 08 06 18 46 00 000   -2.07     4.88     2.93  -487.40   -106.70   -110.70    0.41    633150.0
 2011 08 06 18 47 00 000   -4.06     3.59     2.98  -487.40   -106.70   -110.70    0.41    633150.0
 2011 08 06 18 48 00 000   -4.27     3.73     2.30  -487.40   -106.70   -110.70    0.41    633150.0
 2011 08 06 18 49 00 000   -4.84     3.22     1.59  -487.40   -106.70   -110.70    0.41    633150.0
 2011 08 06 18 50 00 000   -4.20     3.70     2.53  -487.40   -106.70   -110.70    0.41    633150.0
 2011 08 06 18 51 00 000   -3.10     4.66     3.07  -487.40   -106.70   -110.70    0.41    633150.0
 2011 08 06 18 52 00 000   -3.17     4.28     3.30  -487.40   -106.70   -110.70    0.41    633150.0
 2011 08 06 18 53 00 000   -3.01     3.60     4.05  -487.40   -106.70   -110.70    0.41    633150.0
 2011 08 06 18 54 00 000   -2.27     4.94     2.98  -487.40   -106.70   -110.70    0.41    633150.0
 2011 08 06 18 55 00 000   -1.81     4.78     3.93  -487.40   -106.70   -110.70    0.41    633150.0
 2011 08 06 18 56 00 000   -2.24     4.29     3.51  -487.40   -106.70   -110.70    0.41    633150.0
 2011 08 06 18 57 00 000   -2.10     3.75     4.32  -487.40   -106.70   -110.70    0.41    633150.0
 2011 08 06 18 58 00 000   -2.35     4.28     3.65  -487.40   -106.70   -110.70    0.41    633150.0
 2011 08 06 18 59 00 000   -2.42     4.18     3.91  -487.40   -106.70   -110.70    0.41    633150.0
 2011 08 06 19 00 00 000   -2.45     3.63     4.13  -487.40   -106.70   -110.70    0.41    633150.0
 2011 08 06 19 01 00 000   -2.65     3.11     4.32  -487.40   -106.70   -110.70    0.41    633150.0
 2011 08 06 19 02 00 000   -2.63     2.95     4.52  -487.40   -106.70   -110.70    0.41    633150.0
 2011 08 06 19 03 00 000   -2.70     2.55     4.67  -369.90   -159.10    -75.10    0.39    927250.0
 2011 08 06 19 04 00 000   -3.06     2.15     4.81  -369.90   -159.10    -75.10    0.39    927250.0
 2011 08 06 19 05 00 000   -2.60     2.49     5.00  -369.90   -159.10    -75.10    0.39    927250.0
 2011 08 06 19 06 00 000   -2.29     1.94     5.33  -405.20   -105.00    -45.50    0.37    842402.0
 2011 08 06 19 07 00 000   -2.38     2.07     5.11  -405.20   -105.00    -45.50    0.37    842402.0
 2011 08 06 19 08 00 000   -1.64     1.73     5.63  -405.20   -105.00    -45.50    0.37    842402.0
 2011 08 06 19 09 00 000   -2.18     2.50     5.07  -405.20   -105.00    -45.50    0.37    842402.0
 2011 08 06 19 10 00 000   -2.18     2.50     4.81  -405.20   -105.00    -45.50    0.37    842402.0
 2011 08 06 19 11 00 000   -2.56     2.85     4.45  -405.20   -105.00    -45.50    0.37    842402.0
 2011 08 06 19 12 00 000   -2.16     2.54     4.34  -405.20   -105.00    -45.50    0.37    842402.0
 2011 08 06 19 13 00 000   -2.15     2.52     4.36  -405.20   -105.00    -45.50    0.37    842402.0
 2011 08 06 19 14 00 000   -2.41     2.75     4.14  -405.20   -105.00    -45.50    0.37    842402.0
 2011 08 06 19 20 00 000   -1.41     2.25     5.19  -405.20   -105.00    -45.50    0.37    842402.0
 2011 08 06 19 21 00 000   -1.73     2.43     4.90  -405.20   -105.00    -45.50    0.37    842402.0
 2011 08 06 19 22 00 000   -1.04     2.83     4.68  -405.20   -105.00    -45.50    0.37    842402.0
 2011 08 06 19 23 00 000   -0.46     3.14     4.71  -405.20   -105.00    -45.50    0.37    842402.0
 2011 08 06 19 24 00 000   -0.94     2.98     5.09  -405.20   -105.00    -45.50    0.37    842402.0
 2011 08 06 19 25 00 000   -1.12     3.01     5.16  -405.20   -105.00    -45.50    0.37    842402.0
 2011 08 06 19 26 00 000   -0.91     2.92     5.27  -405.20   -105.00    -45.50    0.37    842402.0
 2011 08 06 19 27 00 000   -1.15     2.26     5.40  -405.20   -105.00    -45.50    0.37    842402.0
 2011 08 06 19 28 00 000   -0.92     2.21     5.53  -405.20   -105.00    -45.50    0.37    842402.0
 2011 08 06 19 29 00 000   -1.07     2.16     5.60  -405.20   -105.00    -45.50    0.37    842402.0
 2011 08 06 19 30 00 000   -0.40     1.86     5.41  -405.20   -105.00    -45.50    0.37    842402.0
 2011 08 06 19 31 00 000   -0.21     1.73     5.31  -405.20   -105.00    -45.50    0.37    842402.0
 2011 08 06 19 32 00 000   -0.38     1.49     5.48  -405.20   -105.00    -45.50    0.37    842402.0
 2011 08 06 19 33 00 000   -0.43     0.91     5.73  -405.20   -105.00    -45.50    0.37    842402.0
 2011 08 06 19 34 00 000   -1.31     1.97     5.29  -405.20   -105.00    -45.50    0.37    842402.0
 2011 08 06 19 35 00 000   -0.95     1.64     5.45  -405.20   -105.00    -45.50    0.37    842402.0
 2011 08 06 19 36 00 000    0.33     0.95     5.78  -405.20   -105.00    -45.50    0.37    842402.0
 2011 08 06 19 37 00 000   -0.03     0.80     5.83  -405.20   -105.00    -45.50    0.37    842402.0
 2011 08 06 19 39 00 000   -0.50     0.89     5.69  -405.20   -105.00    -45.50    0.37    842402.0
 2011 08 06 19 40 00 000   -0.31     0.44     5.67  -405.20   -105.00    -45.50    0.37    842402.0
 2011 08 06 19 41 00 000   -0.36    -0.10     5.57  -405.20   -105.00    -45.50    0.37    842402.0
 2011 08 06 19 42 00 000    0.08    -0.03     5.68  -405.20   -105.00    -45.50    0.37    842402.0
 2011 08 06 19 43 00 000    0.60    -0.74     5.32  -405.20   -105.00    -45.50    0.37    842402.0
 2011 08 06 19 44 00 000    0.67    -0.88     5.29  -405.20   -105.00    -45.50    0.37    842402.0
 2011 08 06 19 45 00 000    0.59    -1.81     4.96  -405.20   -105.00    -45.50    0.37    842402.0
 2011 08 06 19 46 00 000    0.78    -1.98     4.78  -405.20   -105.00    -45.50    0.37    842402.0
 2011 08 06 19 47 00 000    1.02    -2.32     4.49  -405.20   -105.00    -45.50    0.37    842402.0
 2011 08 06 19 48 00 000    1.03    -2.19     4.49  -405.20   -105.00    -45.50    0.37    842402.0
 2011 08 06 19 49 00 000    0.83    -1.81     3.86  -405.20   -105.00    -45.50    0.37    842402.0
 2011 08 06 19 50 00 000    1.09    -2.37     4.14  -405.20   -105.00    -45.50    0.37    842402.0
 2011 08 06 19 51 00 000    1.60    -3.30     3.56  -405.20   -105.00    -45.50    0.37    842402.0
 2011 08 06 19 52 00 000    1.47    -3.41     3.73  -405.20   -105.00    -45.50    0.37    842402.0
 2011 08 06 19 53 00 000    0.41    -2.29     4.68  -405.20   -105.00    -45.50    0.37    842402.0
 2011 08 06 19 54 00 000    0.69    -2.44     4.61  -405.20   -105.00    -45.50    0.37    842402.0
 2011 08 06 19 55 00 000    1.12    -2.63     4.45  -387.20   -206.20    109.70    0.38    240048.0
 2011 08 06 19 56 00 000    0.89    -2.65     4.46  -387.20   -206.20    109.70    0.38    240048.0
 2011 08 06 19 57 00 000    0.73    -2.65     4.56  -387.20   -206.20    109.70    0.38    240048.0
 2011 08 06 19 58 00 000    0.82    -2.90     4.38  -387.20   -206.20    109.70    0.38    240048.0
 2011 08 06 19 59 00 000    0.90    -3.32     4.22  -377.20   -216.10    110.80    0.41    426177.0
 2011 08 06 20 00 00 000    0.84    -3.20     4.24  -377.20   -216.10    110.80    0.41    426177.0
 2011 08 06 20 01 00 000    0.62    -3.19     4.37  -377.20   -216.10    110.80    0.41    426177.0
 2011 08 06 20 02 00 000    0.84    -2.31     5.00  -377.20   -216.10    110.80    0.41    426177.0
 2011 08 06 20 03 00 000    0.95    -1.89     5.29  -377.20   -216.10    110.80    0.41    426177.0
 2011 08 06 20 04 00 000    1.38    -1.22     6.09  -377.20   -216.10    110.80    0.41    426177.0
 2011 08 06 20 05 00 000    1.91    -0.45     6.50  -394.70   -158.10     47.60    0.58    232112.0
 2011 08 06 20 06 00 000    1.20    -1.40     7.57  -397.90   -148.30     48.70    0.63    245694.0
 2011 08 06 20 07 00 000    1.38    -2.09     7.49  -397.90   -138.10     59.20    0.69    271986.0
 2011 08 06 20 08 00 000    1.31    -1.30     7.61  -398.80   -129.50     60.20    0.74    283982.0
 2011 08 06 20 09 00 000    1.01    -0.46     7.81  -404.10   -123.60     40.10    0.75    285539.0
 2011 08 06 20 10 00 000    1.38     0.64     7.59  -417.00   -129.60     42.10    0.70    266887.0
 2011 08 06 20 11 00 000    0.93     0.54     7.80  -420.50   -138.50     36.40    0.74    293573.0
 2011 08 06 20 12 00 000    0.89    -0.11     7.56  -427.20   -137.60     36.40    0.74    240281.0
 2011 08 06 20 13 00 000    0.66    -0.19     7.67  -427.50   -138.00     38.50    0.74    212683.0
 2011 08 06 20 14 00 000    0.70    -0.07     7.46  -434.10   -132.30     39.20    0.81    264906.0
 2011 08 06 20 15 00 000    0.39    -0.09     7.32  -437.90   -139.60     26.50    0.83    248246.0
 2011 08 06 20 16 00 000    0.43     0.62     7.29  -433.90   -130.40     22.80    0.78    212722.0
 2011 08 06 20 17 00 000   -0.11    -0.32     7.52  -433.70   -130.90     37.90    0.76    223078.0
 2011 08 06 20 18 00 000   -0.24    -0.92     7.48  -428.30   -141.00     39.40    0.79    205196.0
 2011 08 06 20 19 00 000   -0.07    -0.58     7.27  -430.30   -140.60     37.00    0.93    237387.0
 2011 08 06 20 20 00 000   -0.94     0.28     7.49  -431.50   -137.30     36.50    0.91    228264.0
 2011 08 06 20 21 00 000   -1.07     0.28     7.46  -431.50   -137.30     36.50    0.91    228264.0
 2011 08 06 20 23 00 000   -0.85     0.45     7.52  -431.50   -137.30     36.50    0.91    228264.0
 2011 08 06 20 25 00 000   -0.74    -0.56     7.54  -445.20   -131.70     50.80    0.78    284960.0
 2011 08 06 20 26 00 000   -1.04     0.51     7.22  -445.20   -131.70     50.80    0.78    284960.0
 2011 08 06 20 27 00 000   -0.67     0.17     7.01  -445.20   -131.70     50.80    0.78    284960.0
 2011 08 06 20 28 00 000   -0.79     0.45     6.56  -445.20   -131.70     50.80    0.78    284960.0
 2011 08 06 20 29 00 000   -0.94     0.65     6.73  -443.80   -127.20     55.10    0.76    298571.0
 2011 08 06 20 30 00 000   -0.71     0.76     6.53  -443.80   -127.20     55.10    0.76    298571.0
 2011 08 06 20 31 00 000   -1.45     0.46     7.29  -445.20   -136.00     48.70    0.79    344591.0
 2011 08 06 20 32 00 000   -1.39     0.66     7.06  -445.20   -136.00     48.70    0.79    344591.0
 2011 08 06 20 33 00 000   -0.89     0.25     6.64  -446.70   -136.30     34.50    0.74    287206.0
 2011 08 06 20 34 00 000   -0.50    -0.41     6.72  -446.80   -136.30     34.30    0.74    286334.0
 2011 08 06 20 35 00 000   -0.10    -0.38     6.74  -448.60   -136.10     28.80    0.84    255081.0
 2011 08 06 20 36 00 000    0.43     0.21     6.18  -449.10   -136.00     27.50    0.85    247576.0
 2011 08 06 20 37 00 000   -0.68     0.63     6.49  -439.50   -116.40     37.00    0.83    268029.0
 2011 08 06 20 38 00 000   -1.93     1.91     6.31  -441.00   -121.20     41.50    0.80    240996.0
 2011 08 06 20 39 00 000   -1.61     2.06     5.92  -442.50   -126.00     46.00    0.77    213753.0
 2011 08 06 20 40 00 000   -1.69     2.38     5.95  -434.00   -124.10     49.60    0.85    225121.0
 2011 08 06 20 41 00 000   -0.55     1.81     5.57  -426.80   -137.50     45.90    0.80    265905.0
 2011 08 06 20 42 00 000   -1.18     1.92     5.99  -422.40   -145.40     43.80    0.77    294778.0
 2011 08 06 20 43 00 000    0.60    -0.30     6.30  -425.80   -134.80     51.10    0.71    375481.0
 2011 08 06 20 44 00 000    0.24    -1.32     6.33  -426.50   -138.60     63.70    0.64    334377.0
 2011 08 06 20 45 00 000    1.42    -2.59     5.17  -425.30   -139.30     51.00    0.57    307141.0
 2011 08 06 20 46 00 000    1.72    -2.50     4.19  -426.10   -155.40     38.50    0.49    512685.0
 2011 08 06 20 47 00 000   -0.22    -0.23     4.63  -426.30   -160.50     34.50    0.47    578673.0
 2011 08 06 20 48 00 000   -0.86     0.51     4.83  -426.30   -160.50     34.50    0.47    578673.0
 2011 08 06 20 49 00 000   -2.74    -0.25     4.33  -426.30   -160.50     34.50    0.47    578673.0
 2011 08 06 20 50 00 000   -1.98     0.93     5.07  -426.30   -160.50     34.50    0.47    578673.0
 2011 08 06 20 51 00 000   -1.45     1.43     4.55  -426.30   -160.50     34.50    0.47    578673.0
 2011 08 06 20 52 00 000   -1.99    -0.06     4.58  -426.30   -160.50     34.50    0.47    578673.0
 2011 08 06 20 53 00 000   -0.32     0.76     4.47  -426.30   -160.50     34.50    0.47    578673.0
 2011 08 06 20 54 00 000   -2.60     0.08     4.06  -426.30   -160.50     34.50    0.47    578673.0
 2011 08 06 20 55 00 000   -2.31    -0.12     4.07  -426.30   -160.50     34.50    0.47    578673.0
 2011 08 06 20 56 00 000   -2.74     0.01     3.80  -426.30   -160.50     34.50    0.47    578673.0
 2011 08 06 20 57 00 000   -2.56     0.19     4.16  -426.30   -160.50     34.50    0.47    578673.0
 2011 08 06 20 58 00 000    0.88    -0.36     4.72  -426.30   -160.50     34.50    0.47    578673.0
 2011 08 06 20 59 00 000    1.13    -0.63     4.56  -426.30   -160.50     34.50    0.47    578673.0
 2011 08 06 21 00 00 000    0.92    -0.36     4.29  -426.30   -160.50     34.50    0.47    578673.0
 2011 08 06 21 01 00 000    1.02    -1.14     4.21  -426.30   -160.50     34.50    0.47    578673.0
 2011 08 06 21 02 00 000    0.49    -0.92     3.76  -426.30   -160.50     34.50    0.47    578673.0
 2011 08 06 21 03 00 000    0.23    -0.73     4.11  -426.30   -160.50     34.50    0.47    578673.0
 2011 08 06 21 04 00 000   -0.12    -1.00     4.36  -435.50   -172.50      2.10    0.41    720120.0
 2011 08 06 21 05 00 000   -0.38    -1.19     4.54  -435.50   -172.50      2.10    0.41    720120.0
 2011 08 06 21 06 00 000   -0.91    -0.77     4.68  -435.50   -172.50      2.10    0.41    720120.0
 2011 08 06 21 07 00 000   -0.18    -0.12     4.86  -435.50   -172.50      2.10    0.41    720120.0
 2011 08 06 21 08 00 000   -0.87     0.16     4.39  -401.90   -162.50     99.60    0.32    572065.0
 2011 08 06 21 09 00 000   -0.77     0.59     4.93  -401.90   -162.50     99.60    0.32    572065.0
 2011 08 06 21 10 00 000    0.60    -0.09     5.00  -464.10   -158.90    -43.60    0.35    712221.0
 2011 08 06 21 11 00 000    0.16    -0.36     4.70  -414.50   -184.90     68.20    0.33    641486.0
 2011 08 06 21 12 00 000    0.28    -0.93     4.59  -419.30   -124.70     67.90    0.36    660876.0
 2011 08 06 21 13 00 000   -0.02    -0.19     5.27  -433.40    -93.50     40.40    0.38    686206.0
 2011 08 06 21 14 00 000   -0.10    -0.08     5.16  -433.40    -93.50     40.40    0.38    686206.0
 2011 08 06 21 15 00 000   -0.28    -0.15     5.29  -433.40    -93.50     40.40    0.38    686206.0
 2011 08 06 21 16 00 000    0.31    -0.42     5.29  -432.10   -157.70    135.80    0.34    831018.0
 2011 08 06 21 17 00 000    0.09    -0.02     4.88  -427.60   -168.10    117.80    0.31    714344.0
 2011 08 06 21 18 00 000   -0.19     0.04     5.15  -420.60   -154.40    111.10    0.34    709915.0
 2011 08 06 21 19 00 000   -0.27     0.05     5.12  -423.70   -137.80     87.30    0.38    763206.0
 2011 08 06 21 20 00 000   -0.11     0.03     5.23  -400.60   -176.10    133.40    0.26    421316.0
 2011 08 06 21 21 00 000   -0.91     0.30     5.29  -400.60   -176.10    133.40    0.26    421316.0
 2011 08 06 21 22 00 000   -0.06     0.22     5.23  -412.90   -181.60    138.70    0.30    442684.0
 2011 08 06 21 23 00 000   -0.39     0.69     5.03  -412.90   -181.60    138.70    0.30    442684.0
 2011 08 06 21 24 00 000   -0.21     0.60     5.18  -412.90   -181.60    138.70    0.30    442684.0
 2011 08 06 21 25 00 000    0.66     0.52     5.11  -402.00   -150.00    136.20    0.31    601496.0
 2011 08 06 21 26 00 000    0.92     0.54     5.12  -402.00   -150.00    136.20    0.31    601496.0
 2011 08 06 21 27 00 000   -0.22     0.85     4.70  -469.10   -188.00    -46.40    0.31    559845.0
 2011 08 06 21 28 00 000    0.15     0.75     5.11  -473.00   -190.20    -56.90    0.31    557452.0
 2011 08 06 21 29 00 000   -1.63     0.54     5.02  -434.70   -202.60    -24.00    0.33    645589.0
 2011 08 06 21 30 00 000    1.37     0.79     5.00  -434.70   -202.60    -24.00    0.33    645589.0
 2011 08 06 21 31 00 000   -1.18     1.50     4.25  -434.70   -202.60    -24.00    0.33    645589.0
 2011 08 06 21 32 00 000   -1.29     0.67     5.22  -434.70   -202.60    -24.00    0.33    645589.0
 2011 08 06 21 33 00 000   -1.30     0.86     4.98  -434.70   -202.60    -24.00    0.33    645589.0
 2011 08 06 21 34 00 000   -1.38     2.01     4.62  -434.70   -202.60    -24.00    0.33    645589.0
 2011 08 06 21 35 00 000   -1.42     1.92     4.50  -434.70   -202.60    -24.00    0.33    645589.0
 2011 08 06 21 36 00 000   -1.66     0.96     4.28  -102.70   -859.80     28.20    0.28    905666.0
 2011 08 06 21 37 00 000   -1.82     1.09     4.16   -93.40   -864.90     24.10    0.29    919195.0
 2011 08 06 21 38 00 000   -1.74     1.63     4.37   -93.40   -864.90     24.10    0.29    919195.0
 2011 08 06 21 39 00 000   -2.33     1.57     4.23   -93.40   -864.90     24.10    0.29    919195.0
 2011 08 06 21 40 00 000   -2.34     1.93     3.96   -93.40   -864.90     24.10    0.29    919195.0
 2011 08 06 21 41 00 000   -2.12     1.46     4.52  -423.20    -88.30     90.50    0.34    868298.0
 2011 08 06 21 43 00 000   -1.72     1.60     4.96  -423.20    -88.30     90.50    0.34    868298.0
 2011 08 06 21 45 00 000   -1.77     1.78     4.98  -423.20    -88.30     90.50    0.34    868298.0
 2011 08 06 21 46 00 000   -1.53     1.88     5.00  -423.20    -88.30     90.50    0.34    868298.0
 2011 08 06 21 47 00 000   -1.90     1.65     5.09  -423.20    -88.30     90.50    0.34    868298.0
 2011 08 06 21 48 00 000   -2.14     1.44     4.30  -423.20    -88.30     90.50    0.34    868298.0
 2011 08 06 21 49 00 000   -2.20     1.39     4.10  -423.20    -88.30     90.50    0.34    868298.0
 2011 08 06 21 50 00 000   -1.45     1.90     5.09  -423.20    -88.30     90.50    0.34    868298.0
 2011 08 06 21 52 00 000   -1.66     1.92     4.89  -423.20    -88.30     90.50    0.34    868298.0
 2011 08 06 21 53 00 000   -1.97     1.50     4.02  -423.20    -88.30     90.50    0.34    868298.0
 2011 08 06 21 54 00 000   -1.25     1.80     5.29  -423.20    -88.30     90.50    0.34    868298.0
 2011 08 06 21 55 00 000   -1.53     1.90     5.10  -423.20    -88.30     90.50    0.34    868298.0
 2011 08 06 21 57 00 000   -1.96     2.00     4.92  -423.20    -88.30     90.50    0.34    868298.0
 2011 08 06 21 59 00 000   -2.27     1.84     3.99  -423.20    -88.30     90.50    0.34    868298.0
 2011 08 06 22 00 00 000   -1.92     1.95     4.64  -423.20    -88.30     90.50    0.34    868298.0
 2011 08 06 22 07 00 000    3.41    -4.14     4.87  -490.80    -37.30    -33.90    0.15    375766.0
 2011 08 06 22 08 00 000    3.01    -4.19     4.56  -490.80    -37.30    -33.90    0.15    375766.0
 2011 08 06 22 09 00 000    1.83    -2.32     4.80  -474.60    -96.00    -57.00    0.18    523152.0
 2011 08 06 22 10 00 000    2.52    -2.28     5.92  -474.60    -96.00    -57.00    0.18    523152.0
 2011 08 06 22 11 00 000    2.24    -3.13     5.27  -474.60    -96.00    -57.00    0.18    523152.0
 2011 08 06 22 12 00 000    2.50    -3.02     5.36  -474.60    -96.00    -57.00    0.18    523152.0
 2011 08 06 22 13 00 000    3.38    -1.93     5.77  -474.60    -96.00    -57.00    0.18    523152.0
 2011 08 06 22 14 00 000    2.51    -2.87     5.55  -474.60    -96.00    -57.00    0.18    523152.0
 2011 08 06 22 15 00 000    1.70    -1.15     5.41  -474.60    -96.00    -57.00    0.18    523152.0
 2011 08 06 22 16 00 000   -1.29     3.55     2.73  -474.60    -96.00    -57.00    0.18    523152.0
 2011 08 06 22 17 00 000    0.07     1.88     3.64  -474.60    -96.00    -57.00    0.18    523152.0
 2011 08 06 22 18 00 000    0.06     1.16     4.63  -474.60    -96.00    -57.00    0.18    523152.0
 2011 08 06 22 19 00 000   -0.66     1.36     4.40  -474.60    -96.00    -57.00    0.18    523152.0
 2011 08 06 22 20 00 000   -0.53     0.77     4.48  -474.60    -96.00    -57.00    0.18    523152.0
 2011 08 06 22 21 00 000   -1.45     0.43     3.36  -474.60    -96.00    -57.00    0.18    523152.0
 2011 08 06 22 22 00 000   -2.02     1.18     4.06  -474.60    -96.00    -57.00    0.18    523152.0
 2011 08 06 22 23 00 000   -1.47     0.63     4.48  -474.60    -96.00    -57.00    0.18    523152.0
 2011 08 06 22 24 00 000   -0.24    -1.51     4.17  -474.60    -96.00    -57.00    0.18    523152.0
 2011 08 06 22 25 00 000   -0.99    -1.58     3.51  -474.60    -96.00    -57.00    0.18    523152.0
 2011 08 06 22 26 00 000   -0.28    -3.62     2.66  -474.60    -96.00    -57.00    0.18    523152.0
 2011 08 06 22 27 00 000    0.76    -3.62     2.22  -474.60    -96.00    -57.00    0.18    523152.0
 2011 08 06 22 28 00 000   -1.14    -3.80     2.15  -474.60    -96.00    -57.00    0.18    523152.0
 2011 08 06 22 29 00 000    0.31    -3.22     3.82  -474.60    -96.00    -57.00    0.18    523152.0
 2011 08 06 22 30 00 000    1.54    -2.67     3.98  -474.60    -96.00    -57.00    0.18    523152.0
 2011 08 06 22 31 00 000    0.16     2.14     3.00  -474.60    -96.00    -57.00    0.18    523152.0
 2011 08 06 22 32 00 000   -0.40     2.99     3.06  -474.60    -96.00    -57.00    0.18    523152.0
 2011 08 06 22 33 00 000    1.81     0.56     4.57  -474.60    -96.00    -57.00    0.18    523152.0
 2011 08 06 22 34 00 000    2.13    -1.17     4.71  -431.10   -134.00     37.60    0.25    301298.0
 2011 08 06 22 35 00 000   -2.24     4.27     2.94  -431.10   -134.00     37.60    0.25    301298.0
 2011 08 06 22 36 00 000   -2.41     3.79     2.48  -434.70   -118.70     44.10    0.21    391468.0
 2011 08 06 22 37 00 000   -1.27     2.58     3.90  -434.70   -118.60     44.20    0.21    392250.0
 2011 08 06 22 38 00 000   -2.22     3.79     3.41  -590.70     23.00     27.50    0.47    295181.0
 2011 08 06 22 39 00 000   -3.07     4.20     3.14  -590.70     23.00     27.50    0.47    295181.0
 2011 08 06 22 40 00 000   -1.28     1.89     2.23  -590.70     23.00     27.50    0.47    295181.0
 2011 08 06 22 41 00 000   -2.96     4.11     3.13  -590.70     23.00     27.50    0.47    295181.0
 2011 08 06 22 42 00 000   -2.97     4.22     3.03  -560.10     25.80     32.00    0.56    337595.0
 2011 08 06 22 43 00 000   -2.92     4.11     2.93  -560.10     25.80     32.00    0.56    337595.0
 2011 08 06 22 44 00 000   -2.84     4.16     2.75  -560.10     25.80     32.00    0.56    337595.0
 2011 08 06 22 45 00 000   -2.17     3.15     2.08  -563.40     42.40     20.90    0.54    189593.0
 2011 08 06 22 46 00 000   -3.14     3.87     1.68  -570.70     41.50     25.80    0.54    168625.0
 2011 08 06 22 47 00 000   -3.34     3.78     1.73  -579.80     40.40     29.40    0.52    158284.0
 2011 08 06 22 48 00 000   -3.17     3.99     2.14  -579.80     40.40     29.40    0.52    158284.0
 2011 08 06 22 49 00 000   -3.09     3.88     2.14  -577.20     46.40     34.00    0.46     77756.0
 2011 08 06 22 50 00 000   -3.65     3.73     1.31  -576.90     46.30     33.60    0.47     79360.0
 2011 08 06 22 51 00 000   -2.54     2.24     1.62  -569.20     43.40     25.00    0.57    117075.0
 2011 08 06 22 52 00 000   -3.76     3.86    -0.04  -569.20     43.40     25.00    0.57    117075.0
 2011 08 06 22 53 00 000   -3.52     3.85     0.21  -560.00     62.20      6.20    0.62    101552.0
 2011 08 06 22 54 00 000   -3.71     3.79    -0.36  -560.00     62.20      6.20    0.62    101552.0
 2011 08 06 22 55 00 000   -3.73     4.12    -0.27  -569.20     62.50     40.70    0.55     99559.0
 2011 08 06 22 56 00 000   -4.30     4.60    -0.52  -571.00     62.60     47.20    0.53     98923.0
 2011 08 06 22 57 00 000   -3.79     3.83    -0.21  -580.80     74.20     39.50    0.62     56280.0
 2011 08 06 22 58 00 000   -4.24     4.93    -1.05  -574.60     65.90     33.80    0.72     39900.0
 2011 08 06 22 59 00 000   -4.29     4.67    -1.72  -578.40     63.00     27.40    0.74     34957.0
 2011 08 06 23 00 00 000   -4.52     4.90    -1.37  -588.90     64.00     21.00    0.70     38116.0
 2011 08 06 23 01 00 000   -4.84     4.04    -2.15  -586.40     74.20     11.60    1.01     32395.0
 2011 08 06 23 02 00 000   -4.66     3.73    -3.08  -586.40     74.20     11.60    1.01     32411.0
 2011 08 06 23 03 00 000   -4.59     3.75    -3.32  -587.10     66.50      5.90    0.92     35390.0
 2011 08 06 23 04 00 000   -4.58     3.69    -3.41  -586.90     66.00      5.10    0.92     35256.0
 2011 08 06 23 05 00 000   -4.46     3.44    -2.14  -584.20     68.60      1.80    1.00     30764.0
 2011 08 06 23 06 00 000   -4.51     3.71    -3.46  -584.20     64.30      0.00    1.30     32994.0
 2011 08 06 23 07 00 000   -4.31     3.31    -4.31  -584.20     63.40     -0.30    1.37     33440.0
 2011 08 06 23 08 00 000   -4.22     2.67    -5.00  -584.90     67.90      1.90    1.81     26376.0
 2011 08 06 23 09 00 000   -4.42     2.61    -4.93  -584.90     67.90      1.90    1.81     26376.0
 2011 08 06 23 10 00 000   -4.30     2.98    -4.72  -577.90     67.80    -20.10    1.91     27371.0
 2011 08 06 23 11 00 000   -4.07     2.06    -5.48  -586.80     70.70    -11.40    1.56     27611.0
 2011 08 06 23 12 00 000   -4.03     2.01    -5.48  -597.90     74.30     -0.60    1.14     27910.0
 2011 08 06 23 13 00 000   -3.59     1.73    -5.98  -588.30     74.90     -2.70    1.41     34414.0
 2011 08 06 23 14 00 000   -3.39     2.03    -6.07  -588.30     74.90     -2.70    1.41     34414.0
 2011 08 06 23 15 00 000   -3.11     1.87    -4.03  -588.50     75.70     -2.40    1.40     33453.0
 2011 08 06 23 16 00 000   -3.29     1.97    -6.19  -590.00     82.80     -0.30    1.32     25326.0
 2011 08 06 23 17 00 000   -2.86     0.91    -6.56  -590.00     82.80     -0.30    1.32     25326.0
 2011 08 06 23 18 00 000   -4.49     2.66    -4.71  -602.70     90.00      4.20    1.47     27689.0
 2011 08 06 23 19 00 000   -4.58     2.55    -4.94  -589.50     72.60     -0.60    1.76     24082.0
 2011 08 06 23 20 00 000   -4.52     2.74    -4.79  -587.70     63.10     -6.30    1.71     22077.0
 2011 08 06 23 21 00 000   -4.67     2.87    -4.50  -586.90     70.10     -1.70    1.89     24321.0
 2011 08 06 23 22 00 000   -4.94     3.49    -3.50  -586.90     70.10     -1.70    1.89     24321.0
 2011 08 06 23 23 00 000   -5.02     3.86    -3.26  -584.60     68.00     -8.10    1.88     25875.0
 2011 08 06 23 24 00 000   -5.08     3.87    -2.57  -584.50     67.90     -8.40    1.88     25949.0
 2011 08 06 23 25 00 000   -5.00     3.60    -3.38  -584.50     67.90     -8.40    1.88     25949.0
 2011 08 06 23 26 00 000   -5.08     3.32    -3.66  -584.50     67.90     -8.40    1.88     25949.0
 2011 08 06 23 27 00 000   -4.60     3.24    -2.20  -584.50     67.90     -8.40    1.88     25949.0
 2011 08 06 23 28 00 000   -4.85     3.89    -3.03  -584.50     67.90     -8.40    1.88     25949.0
 2011 08 06 23 29 00 000   -4.97     4.23    -2.35  -578.30     60.30    -34.80    2.16     36019.0
 2011 08 06 23 30 00 000   -4.75     4.06    -2.80  -578.60     60.60    -32.60    2.16     35168.0
 2011 08 06 23 31 00 000   -4.27     3.35    -4.29  -582.80     64.70     -1.40    2.19     23115.0
 2011 08 06 23 32 00 000   -4.10     3.17    -4.67  -584.50     67.10      3.10    2.34     25243.0
 2011 08 06 23 33 00 000   -4.14     3.02    -4.73  -584.80     67.40      3.80    2.34     25561.0
 2011 08 06 23 34 00 000   -4.33     3.49    -3.99  -586.10     65.10      6.90    2.00     22934.0
 2011 08 06 23 35 00 000   -4.29     3.59    -3.80  -586.10     65.10      6.90    2.00     22934.0
 2011 08 06 23 36 00 000   -4.34     3.59    -3.48  -580.40     64.30     -5.90    2.32     25376.0
 2011 08 06 23 37 00 000   -4.16     3.90    -3.24  -581.00     64.20     -4.70    2.26     28576.0
 2011 08 06 23 38 00 000   -4.16     3.12    -4.12  -581.50     64.10     -3.80    2.22     31065.0
 2011 08 06 23 39 00 000   -4.14     3.52    -3.58  -581.50     64.10     -3.80    2.22     31065.0
 2011 08 06 23 40 00 000   -4.26     4.35    -2.29  -575.00     62.10    -26.00    2.53     28410.0
 2011 08 06 23 41 00 000   -4.39     3.82    -2.81  -577.00     64.60     -8.90    2.34     26723.0
 2011 08 06 23 42 00 000   -4.23     4.12    -2.75  -578.80     65.30      1.20    2.26     25887.0
 2011 08 06 23 43 00 000   -3.42     3.54    -0.99  -580.10     63.60      2.00    2.33     26225.0
 2011 08 06 23 44 00 000   -4.17     4.65    -1.73  -578.20     65.00     -3.10    2.39     30778.0
 2011 08 06 23 45 00 000   -4.09     5.02    -0.64  -578.00     65.10     -3.50    2.40     31175.0
 2011 08 06 23 46 00 000   -4.26     4.89    -0.92  -576.00     64.90    -10.30    2.62     38324.0
 2011 08 06 23 47 00 000   -3.92     4.60    -0.05  -575.90     65.00    -10.90    2.63     38667.0
 2011 08 06 23 48 00 000   -4.13     4.97    -1.29  -575.20     68.40    -11.60    1.98     30781.0
 2011 08 06 23 49 00 000   -4.28     4.74    -2.35  -577.30     68.30     -4.00    1.62     30817.0
 2011 08 06 23 50 00 000   -4.07     4.70    -2.45  -577.60     72.10      1.90    1.32     34848.0
 2011 08 06 23 51 00 000   -4.08     4.64    -2.72  -576.60     68.40      0.30    1.29     35229.0
 2011 08 06 23 52 00 000   -3.92     4.28    -3.51  -572.00     52.50     -6.90    1.11     36881.0
 2011 08 06 23 53 00 000   -3.94     4.46    -3.31  -564.70     54.00    -24.50    1.17     40605.0
 2011 08 06 23 54 00 000   -3.89     4.42    -3.45  -564.10     54.10    -25.90    1.17     40898.0
 2011 08 06 23 55 00 000   -4.02     4.06    -3.87  -567.80     57.20    -24.70    1.14     37133.0
 2011 08 06 23 56 00 000   -3.85     3.73    -4.37  -570.40     58.30    -23.00    1.11     34464.0
 2011 08 06 23 57 00 000   -3.93     3.66    -4.11  -571.50     53.80    -17.60    1.07     32893.0
 2011 08 06 23 58 00 000   -3.97     3.54    -4.20  -574.00     63.60    -25.40    1.19     43545.0
 2011 08 06 23 59 00 000   -3.42     3.30    -4.77  -576.00     64.60    -22.90    1.29     40885.0
